,BCL11A_(+),BHLHE40_(+),E2F1_(+),E2F7_(+),E2F8_(+),EBF1_(+),EP300_(+),ESRRA_(+),ETV6_(+),GABPA_(+),GATA1_(+),GATA2_(+),HIC1_(+),IRF1_(+),IRF2_(+),IRF4_(+),MAZ_(+),MYBL2_(+),MYC_(+),NFIL3_(+),PAX5_(+),RFX5_(+),SOX6_(+),SREBF2_(+),STAT3_(+),TBX21_(+),VEZF1_(+),ZHX2_(+),ZNF148_(+),ZNF549_(+)
SRR5827547,0.027814823620126067,0.0,0.003887366766437619,0.007355993303910687,0.01067487658049159,0.020882120189279544,0.27732519526620397,0.037940239132202985,0.172448547284639,0.00967910883296606,0.049271264368326385,0.01631056987935959,0.0,0.1455917096027739,0.16040621477532369,0.03085709437682663,0.0412861447053366,0.00756194506498823,0.06263489813309911,0.19751636180567209,0.023989111126921387,0.1522172580180398,0.05695057642905407,0.0,0.21903446439002267,0.07751528388261249,0.11472032560694922,0.06946412440886307,0.09010010978156667,0.022531956606877027
SRR5827548,0.031195876812408582,0.0,0.003804656835236819,0.012899919886444244,0.017178870447721442,0.02405274281203213,0.2987939551103721,0.04856297884228791,0.13333731216770128,0.00965860224645554,0.04663579511774911,0.010760445406521955,0.0,0.1481958615624567,0.15223914699162225,0.06284783407918257,0.0421782394483214,0.01367909974232706,0.07689304813362932,0.17896045298984994,0.027858087042526028,0.1422294143782431,0.04650694297535311,0.004303959559100458,0.1701627042621139,0.10339269106979526,0.10516293037857648,0.08861518978373688,0.09599041274978193,0.030957467388219688
SRR5827549,0.030908484404494563,0.0,0.003894127404292293,0.009202999399895323,0.008087276242480866,0.02138547262080978,0.14813470875883403,0.02719822587837249,0.2002133199395733,0.002542816727304643,0.141993172032043,0.011440052484828605,0.0,0.16409092445697673,0.18930035034272655,0.018767315518117358,0.0412861447053366,0.006249278089129532,0.040602044466220434,0.19606071351824192,0.030371075540923106,0.14272419736510816,0.17031292885562455,0.0,0.252026158302566,0.04929448400222699,0.08488570437330148,0.05695504702527498,0.05670095077301166,0.0120992178189407
SRR5827550,0.03330004889024854,0.0,0.002700659057904396,0.013229991401407955,0.014143651034030138,0.023908550919046426,0.1064319883458342,0.029512968506319088,0.19152776479915692,0.007115785519150895,0.05843596040432687,0.015196769389912584,0.0012091401966238507,0.1515089448290079,0.19997983244478293,0.05797194020593825,0.04242802597635715,0.01525157929236526,0.06749626641728103,0.17236371616301135,0.03145809671800842,0.1611418512722476,0.05795697018663985,0.0,0.1924581046953875,0.09880204733187196,0.08894143105307582,0.10057076816805116,0.0669772487806391,0.02001724680380041
SRR5827551,0.026455524059258592,0.0,0.0061097466569634724,0.013069796161616878,0.014733429262410575,0.013352581038882002,0.16754236841324086,0.0417293442173389,0.21017277346186736,0.0,0.05728195849425985,0.010986981099290838,0.019249073984736232,0.18680920592561365,0.17253002284843869,0.02509622576558848,0.0431060179810256,0.012474404586856462,0.048397491066532065,0.2332609938653195,0.022754827890764617,0.23846313757005114,0.05613911683221063,0.0,0.2275867737034605,0.02569936117260604,0.07960420943314385,0.002712145096441665,0.04306555005891525,0.003908602717885422
SRR5827552,0.029047334029922236,0.028905760470053082,0.0054840280470095926,0.011056738397030098,0.01652375368569626,0.018950640400689563,0.3440114450430142,0.03810227111615925,0.20346909126797624,0.0017635664399048329,0.04903751904684,0.004115398418634712,0.0,0.16536505468180882,0.166298674790556,0.049631723735753856,0.04135751228477538,0.011444151941837457,0.05608276748580383,0.22196624141285207,0.023113652384562696,0.15471625700746594,0.04877471974446822,0.0,0.20495052896436125,0.07475378433098022,0.11484930488114632,0.052084255831665455,0.09239477250782338,0.01713912150648607
SRR13214141,0.03750583636963843,0.0670785481820977,0.006595217992272519,0.011485174012228622,0.011441442473126985,0.02250888617019457,0.2973447163483968,0.05146026503160106,0.26748759984431664,0.0,0.07348273647623489,0.013025802334210787,0.0,0.20565946612737196,0.19127463823305407,0.0,0.04950350872576791,0.011787483388246991,0.038429755246367804,0.23630973036716205,0.03544913178519192,0.22657329545222946,0.07365994538151277,0.02731350903475808,0.28695303391564764,0.04529002170732317,0.025730208277077345,0.0685652420340424,0.007676281463063672,0.002711751744007343
SRR13214142,0.03223322759873224,0.0,0.002294301569830898,0.009054317819467495,0.013787281123885959,0.02986037411699955,0.24244023274659324,0.04314455214070292,0.1922034599215742,0.0012919149501628428,0.06085474722393209,0.016253935956167375,0.0,0.1497108184407515,0.16036191926884996,0.056538427407204425,0.04332012071934195,0.01007474379402042,0.052236911213515716,0.19374853353116586,0.03983144579445369,0.1631611177078692,0.06767451721865046,0.0,0.20468361904527194,0.09112265984002307,0.10517805389620936,0.056014098726509504,0.07176438417286178,0.016446159653224473
SRR13214143,0.023568321758095975,0.0,0.0024884901039545163,0.014014952060349424,0.01939409278296559,0.02263416961699723,0.24810427075732144,0.04253050236023375,0.16932894325851802,0.009597082486923977,0.053869661566519865,0.0,0.0,0.14783132058937967,0.14838574257425746,0.07669659165266472,0.0367899872006932,0.01262848399083135,0.05041112592044589,0.2668255705085809,0.019789809779914718,0.07146039682348068,0.06324468174285608,0.0,0.20920718257870705,0.05141994496090586,0.16042345276872966,0.02490745496732142,0.1303509348078869,0.020674314559087057
SRR13214144,0.02466612556766461,0.06051184675896463,0.005573930146140897,0.019222990538759976,0.019975213883457257,0.016604813794578958,0.3420766160385672,0.04531590932252949,0.25766701682882626,0.0,0.06695525593632834,0.0062863654743365105,0.042746219469552184,0.18804950428764508,0.19420399086062454,0.012594433874590059,0.043427172088500124,0.009202315986937132,0.040114915078719136,0.27348039658632634,0.021219123966205386,0.19029924337083293,0.07299632529892383,0.001632031335001632,0.26947738676083843,0.04539752118782234,0.04855443502641034,0.030829894259551183,0.016178189755864016,0.006262491284903213
SRR13214145,0.03775383396977162,0.0,0.01824296991656402,0.007339898084593207,0.0086102882705121,0.02681999191214201,0.15361354903110125,0.07565639831833948,0.18096581469257386,0.0,0.12377040452739307,0.04036110926165603,0.03444920482095898,0.16914239807190198,0.12017803503427266,0.0,0.06975099563179953,0.01070100618285045,0.0472438737634667,0.12251516585050636,0.047323555179940385,0.2674022983892588,0.11159174442149784,0.048019383510624944,0.22530046019068514,0.0767681198346193,0.007566410371546184,0.07697178483501302,0.00210561811834538,0.00045744561987000587
SRR13214146,0.028904435069109436,0.0,4.315300758302629e-05,0.007012695024557361,0.007836644796129043,0.019312039571340332,0.10229250875147926,0.043077681798117794,0.1209825544190848,0.0635238682312372,0.046170376291491,0.011232394766457128,0.0,0.12682324508811596,0.14180709824828636,0.037488310044438894,0.04100067438758147,0.0059728908933992225,0.0595461201786273,0.15457739500462814,0.02726609762186481,0.15119947248232124,0.05088855353314399,0.0,0.14741872332949832,0.10894528452409004,0.1620706996301465,0.043172921943357125,0.16537989769762124,0.0232210644987546
SRR13214147,0.027608117716634056,0.0,0.0,0.008934759024487881,0.008508680927396496,0.017215360725981996,0.09607021918462487,0.012875755867952934,0.12046661338350198,0.10320575365601678,0.04059411120135846,0.009495621121895687,0.0,0.11429766073614793,0.13836801218583394,0.04691097495448353,0.03486306255584603,0.0047560984167447935,0.05917499613396299,0.1535917760807448,0.02078129317487517,0.14896699157834206,0.04966431877876423,0.0,0.1221261539953792,0.053203604495973805,0.20312520574186052,0.0013283975982571427,0.22335970195174865,0.020693649687386576
SRR13214148,0.03357726957528824,0.0,0.0011291703650891881,0.013349510356735796,0.014192768843841175,0.02480700192954097,0.12763491411565642,0.022279397793985974,0.09630998271698238,0.05431661595387823,0.04680504774464622,0.01227068335831451,0.014191487570900984,0.1265985389460818,0.13891083015993907,0.06980817258323882,0.03935922006048943,0.012479312396874104,0.09283839348806801,0.14110106846254838,0.03215617161648558,0.14911718235825866,0.05165370967356063,0.0,0.13447387487746845,0.06948540329288612,0.1488711128981564,0.05407685222905117,0.16033426929939587,0.031758699427820634
SRR13214149,0.03110683300054388,0.0,0.0009098092432088043,0.012271768096892902,0.011710420955425542,0.019999499505821958,0.13140665657383294,0.03087352278430103,0.11900592886957236,0.05689429387825076,0.04965967080756234,0.0066261690134898354,0.007573035968328328,0.12632820221166524,0.1472419801980198,0.05295708335730648,0.03957332279880578,0.010559626813570335,0.0701426576866693,0.16175046832085616,0.028044801540288114,0.13882425389829733,0.0609246487539981,0.0,0.14231736369421416,0.07813319260286264,0.16789160798391964,0.04771161373740236,0.17488450937888395,0.024795179099301137
SRR13214150,0.0328581287680735,0.0,0.0007192167930504383,0.010001664899047715,0.011435397671548508,0.02089485240938377,0.11497722466568043,0.0,0.09754518817139186,0.08897951433020773,0.043776880434495485,0.004587347778569886,0.0,0.11110312155939434,0.15009955826351867,0.0684404843517938,0.040643836490387546,0.009080266500972113,0.08112051623308086,0.147810946444748,0.02506091928137535,0.15471562990608842,0.05805537915994076,0.0,0.13205732831649705,0.058374404160400524,0.19586699071387392,0.03232434155759046,0.20644029382572132,0.03246116554178352
SRR13988787,0.028723900733661625,0.0,0.0005933538542666116,0.004669884462221074,0.006688709638077681,0.017507182411259425,0.21252503824687746,0.03200163832339334,0.1419657819890995,0.02329548227595221,0.05532492042558963,0.014592674209195562,0.0,0.1442300566670445,0.1595560700685453,0.021307656226077647,0.03882396321469855,0.005167536489890363,0.060287127569102025,0.14900424393233094,0.021156649153265983,0.17391810118719694,0.06820540574957817,0.0,0.18918091213101626,0.0852985448804199,0.14656799676652513,0.0383021307497476,0.1226988001482858,0.023207216366323863
SRR13988788,0.030236793309931405,0.0,0.006641967083820798,0.012678969177694848,0.0117643685313219,0.02192046571862729,0.23006299824505205,0.06765606911049908,0.2591201217692929,0.0,0.07298933332563802,0.009590010993882724,0.02564649995996904,0.18806740123701066,0.18550501142421932,0.007630773911627349,0.05999490334558957,0.0135201555792996,0.05249020763890142,0.26556469206242656,0.034640052531581346,0.21069853763094268,0.07139548407551043,0.023122954729961585,0.24198679558984776,0.0567299713830624,0.03718059560133682,0.050257709134061884,0.017605716749398616,0.008939426733695547
SRR13988789,0.029136432824072737,0.0,0.006555661068654745,0.01302258617426238,0.011743773679712816,0.02212869848008073,0.2267325403502896,0.05481406990587035,0.2603343906396614,0.0,0.07413429323561463,0.010628299585740106,0.011009539685048746,0.18649406053278555,0.1864470982482864,0.013089337102724356,0.05481030100898618,0.013209069305725268,0.05173173353487452,0.27102887833073513,0.03608630388306824,0.2048652406172308,0.07336999306201668,0.0296531724178335,0.24445082294964066,0.054485706435022346,0.03887216343398695,0.04405852034219522,0.018035133725461127,0.007996283997369246
SRR13988790,0.029398698327372887,0.0,0.003135785217699911,0.01442792989065888,0.01420862505702693,0.0179981424150587,0.2505867179549208,0.02842793289946912,0.24771620296019975,0.0,0.07716645619228649,0.007343532040591298,0.0,0.18234880889173471,0.21563869002284844,0.0441682846507836,0.04303465040158681,0.013339642882773556,0.04930116570830111,0.2317161235258429,0.022444279388783347,0.1963071881181848,0.08357642020028787,0.0,0.2324569470682924,0.04771867812538609,0.08080667220973008,0.06664127951256664,0.054410291443489585,0.012288127248137336
SRR13988791,0.026107926048385733,0.0,0.004110323972283255,0.013825315317895921,0.01393290312774133,0.01563252790015189,0.2743367772137665,0.03564028513771272,0.25374286493141784,0.0,0.07858781125068989,0.007758847477334251,0.0,0.18322610409263465,0.20892088347296267,0.04189611810585176,0.0421782394483214,0.014690625217541909,0.04942252156494542,0.2456434960161405,0.020441231408989083,0.18538559052725745,0.0867979200743568,0.0,0.23723080224122936,0.048671349612785915,0.0790881969198404,0.05402150232912379,0.05499799008413412,0.011739362339879744
SRR13988792,0.022195249134633804,0.048912719946140784,0.007192167930504383,0.0278028977848795,0.02732001231195465,0.020832470527209053,0.1665649851332294,0.040720823714023836,0.16675740069817946,0.0010663424985471084,0.062110342146471674,0.008306308734859052,0.0,0.14912348033357262,0.14430166031987815,0.09085253054016128,0.04503834926067874,0.02564063818234004,0.05972493590094152,0.2398144485052079,0.02929110306432365,0.18932754978636224,0.05986019671622216,0.0,0.18908029805732315,0.04934247484173554,0.08810670352543032,0.03531323615366904,0.07024402051610189,0.006498628071399011
SRR13988793,0.022110328994204648,0.04897409098747847,0.007472662479794055,0.02784198048327171,0.02684833553350948,0.02114092205098996,0.1543153509873742,0.037148404258226256,0.16900975310891048,0.0021736981701152595,0.06148392836279345,0.009590010993882724,0.0026091972663988354,0.14816499926755078,0.1430629702970297,0.09005532189188584,0.043676958616535866,0.025597802472098342,0.05963434549868931,0.23834209481228816,0.029380200666867917,0.19152240460769007,0.0614231738438594,0.0,0.19139510004939134,0.0486505535823322,0.087140992976772,0.03470438725446785,0.06912277444327608,0.006599059692211539
SRR13988794,0.032749208859889516,0.01000347973804385,0.006246397847643056,0.01067451677789167,0.013192490874096229,0.01842909908329614,0.27319590597803234,0.02717475696006136,0.20520995497998384,0.0,0.05796744865168758,0.008853769992383853,0.0,0.1683569473637462,0.1734000304645849,0.013652502845084074,0.04178571776140809,0.00861398149833115,0.0494887632521904,0.22470213123007216,0.024672378683370702,0.22574803003941016,0.057309927419614624,0.0,0.20697626333122346,0.08719620932089818,0.09259075494119194,0.09260038257850828,0.0689509655118328,0.015886845342195356
SRR13988795,0.03124761514335312,0.0,0.0011759194566374669,0.007105003497722228,0.009434659476734638,0.020486461952288672,0.206409525366552,0.03540945385898138,0.12166800227938444,0.015543992574975156,0.05389840062409039,0.0144227724396189,0.0,0.1396089847988615,0.14820149276466107,0.04660866953434238,0.04100067438758147,0.006559029782786786,0.07437681392838,0.12282003950069062,0.026469442336736503,0.14223223633444193,0.0569118834674997,0.0,0.1935482412264245,0.09992988538347801,0.11531958902961975,0.059058343222515464,0.09538505702248674,0.02901082496101048
SRR13988796,0.03094683454884505,0.0,0.001823214570382861,0.006725889371422325,0.009302980005163294,0.020119266323505684,0.209879546150346,0.040816628339458295,0.11975476952610754,0.012283445319802268,0.05358509754076096,0.01398857902847854,0.0,0.13924486804976946,0.14645782178217825,0.045592045661770934,0.04089362301842329,0.006825773562342081,0.07506536302043948,0.13206192541947653,0.02632907684792459,0.14364603639006585,0.05817835270084973,0.0,0.1957977005953527,0.1002389997130681,0.11443216773154677,0.048597212136240464,0.09110517306705154,0.029137123848061563
SRR13988797,0.03893166449633257,0.0,0.0007947345563207342,0.0045785719803506045,0.007551354462334795,0.02741618761272112,0.2312774169080219,0.03163160099495354,0.13042119053685486,0.01870200689759544,0.054128535065016935,0.014970233697143703,0.0,0.14294017712677073,0.15925617669459255,0.02037392254935136,0.04010857964459666,0.004644165907570525,0.06907742079102268,0.1501310994662623,0.040749703840481925,0.15573529674593958,0.06437084660538962,0.0,0.20384987882787087,0.09221317168312246,0.12794097553463304,0.07970385589542854,0.10402594639350632,0.028278376333907475
SRR13988798,0.038679983083050304,0.0,0.0016577947079812602,0.0039443247240775435,0.0067305068590424256,0.02713469961314838,0.2342038070097787,0.034370070120627025,0.1292331586515504,0.018332888340406056,0.05484124001486085,0.01621618000737256,0.0,0.14250500286019765,0.15692252856054836,0.0131380960414568,0.04153593123337235,0.0039230622426978355,0.06923173271097294,0.15021234848387055,0.03988550273487043,0.16458495138553347,0.06620750014269677,0.0,0.20635415181714106,0.09194564941443978,0.12749812363423185,0.08435324748932854,0.10238670292423688,0.0281702041296372
SRR13988799,0.028670265513856742,0.0,0.0007228128770156905,0.006128932029211547,0.00800796480066477,0.017250279389281968,0.2059070989660384,0.02781581207118991,0.1386492150609623,0.024546384053094013,0.05483613446652828,0.013969701054081136,0.0,0.14406683648883065,0.159426656511805,0.02556918747129317,0.039073749742734296,0.005822298617594765,0.06003489736929388,0.15106508350045067,0.0201673970016248,0.16771167885385935,0.0665715229221889,0.0,0.1941279591701306,0.0830355635049715,0.1480560411726079,0.04051612674684285,0.12303841461443772,0.02316560664765227
SRR14694911,0.02529039444071909,0.0,0.004865501604986215,0.00816003715605283,0.009885528772359424,0.015028876755147538,0.07687788513043814,0.05728570064526665,0.1779842331090928,0.0,0.0693132201366674,0.006871582680656125,0.009100370953537402,0.15946985258879373,0.1362267783701447,0.017918909984172848,0.046710080742684186,0.01202047521118974,0.06424643024284102,0.23232928784097065,0.01726079689767929,0.17478757724713154,0.06580693191753012,0.0,0.2194910714053559,0.06432206887016073,0.04229115185481118,0.04594041693972617,0.0230583852429908,0.009470260923310513
SRR14694912,0.025847200049088186,0.0,0.005379741612017278,0.008928583878462609,0.010868613989876142,0.01976642192554661,0.03616716887153879,0.056213524719683064,0.18707685904807872,0.0,0.06559957746777974,0.004115398418634712,0.009164009911254448,0.16940820091247927,0.14408889565879665,0.0600466330490037,0.058132137433773226,0.020580686054152173,0.0569316962906458,0.2569462215030461,0.02080786525440459,0.2629849962859921,0.06517413057160279,0.0,0.19620648766330145,0.07127695465489547,0.05106400864244626,0.017490568377052373,0.02457849605364113,0.00774322897361137
SRR14694913,0.02091825805561964,0.0,0.004525240140194052,0.0096272120120056,0.007775315879611731,0.011863650834793908,0.31093681256969835,0.03665941487807254,0.17445665721622833,0.005188166387161893,0.1444068829006973,0.007249142168604264,0.0,0.14567305455189022,0.1477841888804265,0.015112833060120746,0.040501101331509984,0.007022903931383994,0.022466962564296557,0.23694453577576485,0.013248412888736466,0.13414513696991512,0.18570685014238594,0.0,0.23193850196497026,0.07357955513451593,0.12411463015700025,0.0403500770470607,0.09057908459510214,0.009921762297656005
SRR14694914,0.03004512506160765,0.0,0.005735753924577245,0.011245857224010513,0.011866036626212162,0.02282955023162647,0.03169672585462332,0.05917414483923309,0.16247011832668248,0.0,0.06683873104481937,0.008608356325217564,0.02940119846527468,0.16563393314627706,0.14107491241431835,0.05273279223913724,0.07390833735526889,0.01795647142752652,0.06754488630361713,0.1809400435403614,0.0315838069950188,0.25001842110296474,0.06496936304867383,0.0,0.15555207111809707,0.06192338006521315,0.042580073062333884,0.00653128819143095,0.022609583398528997,0.0076645493721358
SRR14694915,0.03997146199437465,0.0,0.002387799752927455,0.01090164263266634,0.018241692369476863,0.03424511486501288,0.3806894583940875,0.023464417422681967,0.16648464206153374,0.016179696756801316,0.044484657420296655,0.012950290436621159,0.0,0.1512177680913301,0.17583195734958112,0.07817033057585282,0.038574176686662805,0.016121725398299994,0.06904525955041997,0.18203728494637944,0.04346776388394959,0.18965709156025015,0.0529921772024612,0.0,0.19972673669783028,0.05519751723124424,0.1436664282526011,0.06271143661772259,0.12834653941540042,0.026888631326689956
SRR14694916,0.028891129355944106,0.0,0.0010860173575061617,0.007373084514522569,0.013245193038612095,0.021452971376370183,0.40241519117678987,0.02708698963541839,0.1921731416277224,0.010540385466407957,0.0448857463375645,0.013856433207696693,0.0,0.1577396815801283,0.1856641584158416,0.027368392310520327,0.037682081943677996,0.006217678680770335,0.046849544773051074,0.2246835274830497,0.022462332175639213,0.1278459036327042,0.05362682465853085,0.0,0.24498984306578545,0.07658538138240173,0.1433904359828655,0.06918737490922616,0.11963670733850855,0.022817541677571253
SRR14694917,0.02979399347118345,0.0,0.003401895431128573,0.011321592402036586,0.014899828373199003,0.019531665371191588,0.2737931465317293,0.033668574507546546,0.17465552826261282,0.007238825038214023,0.054806892253469915,0.015989644314603674,0.0,0.15575540040447106,0.17569785224676313,0.030020878577565236,0.04160729881281113,0.009779758581381156,0.07099786752945897,0.20473803266514246,0.025118525927072723,0.12529140617136736,0.057199010108206536,0.0,0.2296005248210963,0.08321099668495277,0.09921860076260697,0.07057112240741069,0.07742683065534889,0.023269696265710647
SRR14694918,0.03146072648314166,0.0,0.004689293490688857,0.01519850843530923,0.01566785230842619,0.02518027384546946,0.2421845889784307,0.033610705941847875,0.2111980830357644,0.00280940235194142,0.0574188759817174,0.014498284337208529,0.0,0.1671875739492005,0.20991762376237624,0.030340249626262736,0.03871691184554037,0.012521416240709656,0.06859579700468545,0.18557237654895176,0.03597240905363488,0.16430526417115854,0.058611322042799986,0.0,0.2279174435523958,0.07810162529509701,0.0883038340454904,0.0981353725712464,0.07162316962067479,0.023465301136294792
SRR14694919,0.036803437668451976,0.0,0.0010716330216451533,0.011528001637887765,0.01565870916634015,0.029913661556242675,0.4243212480732568,0.02272209232158076,0.15197633137725566,0.015092847671743688,0.043584038694432864,0.015687596724245162,0.0,0.14515961096009178,0.17393590251332824,0.027738960244886892,0.032151094537172235,0.005995363497164212,0.07168407092524788,0.17293815431086784,0.03491794374498065,0.16014131102441087,0.05613915450792782,0.0,0.21576688103493671,0.08036439337792535,0.1481047035952752,0.09685402238792752,0.1384995749446193,0.02813862124270201
SRR14694920,0.036737871292626935,0.0,0.004851117269125206,0.01633031310261208,0.015696922032600067,0.02430920610270301,0.18684546666507165,0.037299827005137766,0.1433376847858932,0.010212280082239615,0.05705269717609163,0.013724287386914844,0.005409311405948807,0.14702810550185366,0.16057693830921554,0.029291932443515207,0.052990427733297187,0.013892589478094445,0.07523072491455704,0.13840997950550482,0.041738093920840665,0.19089059996983646,0.06316458316810962,0.0,0.18443724118018728,0.06832594461035944,0.09488010724052956,0.03536858605359641,0.07103327964708077,0.021768676288701817
SRR3362713,0.0383312854264613,0.0,0.00416786131572729,0.009882584179889414,0.013521127599109005,0.032216934164548086,0.18456062279606936,0.052715369923198765,0.1743271154152252,0.00233775086219943,0.08461139636820889,0.0106094216113427,0.0,0.13809275524861184,0.15836325971058646,0.028589803725768026,0.04214255565860201,0.010128213092633663,0.0642107989226314,0.17525640899084924,0.04822649878318638,0.22303142687198385,0.08870977434317567,0.0091770377375861,0.1631656172091216,0.11364476082138775,0.08711768749297498,0.07444561540232736,0.07358841600719836,0.023479606518381255
SRR3362715,0.03655741943060785,0.1282212892460138,0.008925480401755939,0.030334548296633776,0.03618749322048165,0.0406316324473094,0.20837403917596756,0.04123456798061532,0.07537345167998065,0.009904681284581794,0.053551918875944717,0.0037944728538787946,0.021382689792927043,0.08209868908160148,0.06372703731911653,0.09871027731158814,0.04338824431789715,0.02543679186274767,0.0986446314931514,0.15304239604112266,0.045006814673487716,0.0994792863711744,0.053312985934336116,0.029697948662152775,0.1049808375409423,0.11042297579571343,0.05859859760622864,0.09084302325581396,0.0569829163261848,0.032179075164886675
SRR3362717,0.0171698407207166,0.0,0.006791384372577026,0.019565332666470682,0.0209539249731986,0.013986933424200477,0.2856059266820762,0.03470763675386924,0.2902015673603849,0.0,0.054810458737957285,0.013724287386914844,0.04905195060248301,0.22132926608587752,0.27179722772277226,0.026256688507420627,0.044069480303449184,0.016193663560926996,0.03631225063528143,0.25850400056494643,0.01787530159183491,0.04930521870630867,0.058690968508940164,0.0,0.2685000736517629,0.040120235182841635,0.09511535665834572,0.0876742414849714,0.0694737248433397,0.008172096489998138
SRR3362719,0.05026296377832989,0.0,0.003304801164066764,0.009447335984237205,0.011919103301375977,0.04091639844389485,0.18664874945005572,0.03148210720023198,0.17240593206041374,0.005372725665756585,0.0852276138539128,0.015555450903463316,0.0,0.1330483608714356,0.15456737242955065,0.051157878518079326,0.04160729881281113,0.008741197100104214,0.07184375274492505,0.17624924161255762,0.06457314515094792,0.2380843683380277,0.09167466490746183,0.0,0.19855916124490586,0.05621428315096548,0.0847288396225857,0.06924272480915354,0.06108020324950235,0.01906639614470606
SRR3362721,0.039969372667513985,0.0,0.0024525292643019945,0.00636291030409168,0.009833829012125416,0.030689327593267413,0.1964478364872331,0.04271857519875441,0.2044216793398372,0.0019071125454784821,0.06065000733645098,0.013780921310107065,0.0,0.15668985978734448,0.18472773800456968,0.032826955501617336,0.04232097460719897,0.007964170231609457,0.053993391844045086,0.19450597180279425,0.04781909403711886,0.2694560554006441,0.06304635676756662,0.0069361331737569365,0.19971848408279705,0.07144897515295613,0.08043359363594745,0.041291025345826175,0.055206503842481255,0.010070597060596716
SRR3362723,0.020211735682997653,0.0,0.003516970118016643,0.008563533149239614,0.009890237034895423,0.01263126179379352,0.16515872287994002,0.03695293710297744,0.17298892316893805,0.0047370214839304245,0.059545048287758175,0.0063618773719261385,0.0,0.15205033417581565,0.1490675399847677,0.01996678541093546,0.04332012071934195,0.010249272406402143,0.04726694300778087,0.2331448153635058,0.01259131173121307,0.13575208424981586,0.0605825532419107,0.0,0.2552413997294273,0.07031548484691909,0.10718063185961252,0.037582582050691656,0.07101477974006493,0.009797619016124809
SRR3362725,0.02448817539964974,0.0,0.0017944458986608434,0.005414646912520611,0.008015649900159016,0.01362651365509619,0.3297334969099004,0.03301916060359486,0.25691473091162603,0.0,0.05029663605779451,0.013799799284504472,0.0,0.1930679414597415,0.22574086824067024,0.01925490490544179,0.03900238216329551,0.002309856479706227,0.029706362832958258,0.23844080857199915,0.01960857197029992,0.2025496687807299,0.060083387664857164,0.0,0.28109752092574897,0.03627254296366576,0.13998368473009434,0.0383021307497476,0.1014520151392451,0.005959563387980872
SRR3362727,0.022922279899861862,0.0,0.0017908498146955913,0.010158912004607376,0.008346534440834136,0.010138345065631096,0.16773642728751328,0.030823370027362188,0.2631390448369933,0.0019071125454784821,0.059116300617349585,0.011628832228802672,0.0,0.20574667067028046,0.24879457730388424,0.014944614721493818,0.04189276913056626,0.007714173277465234,0.03616695316794133,0.2380102647123367,0.014558862658200855,0.18177348659272927,0.06190640259254145,0.0,0.23842290944021155,0.08762263459150918,0.10109403621972744,0.057951345223967825,0.07486482530925502,0.008667689795432056
SRR3362729,0.026895354854572957,0.0,0.0029451927675415448,0.007355435548785824,0.009498053953590322,0.01795346971186726,0.1930012977133396,0.03876261574918735,0.2269060334835873,0.004244863407677912,0.06114459438231337,0.008551722402025343,0.0,0.16724638199911576,0.19515960396039606,0.020776183793894017,0.041714350181969305,0.011364852064183995,0.05122252358495824,0.1960337570684747,0.02555422689523456,0.1548883963355958,0.06430487642458951,0.0,0.2337026397402303,0.06657390570621212,0.10361343773681186,0.0702390230078464,0.08182660580773185,0.012186487181806087
SRR3362731,0.02712355883181557,0.0,0.0054157024516698,0.01867085280479714,0.01845474884320268,0.023249633543919325,0.20163691761846345,0.035326508914813294,0.21797289661138472,0.0003075987976578197,0.06052484000950373,0.010873713252906396,0.0,0.17001526543495885,0.20459661843107388,0.07763642019673257,0.04139319607449478,0.021092002366253245,0.0626668655145059,0.1736177605796472,0.031475287433581835,0.14527211026198097,0.06305261093662021,0.0,0.20456672584055427,0.08344641841431974,0.09291373984458176,0.06276678651764997,0.07864234618602083,0.017387310087479367
SRR3362733,0.02422019173862565,0.027376394119917786,0.003459432774572608,0.012528773690499527,0.019308797291345683,0.02174273431962134,0.2993748025628177,0.04029227483582205,0.20348064614220648,0.0001640526920841705,0.05712917681024431,0.0,0.0,0.1737798555915041,0.15430671744097488,0.07805696604329987,0.0417500339716887,0.019864920708947797,0.047335355918020135,0.3108541853495113,0.016183309214776287,0.14933227813074876,0.06499283502048335,0.0,0.217507843658391,0.0584381786537919,0.10036331269346893,0.04544226784037975,0.07965630122635843,0.013786109781004523
SRR3362734,0.0239532802321748,0.0,0.0026251412946341,0.004798247820243172,0.006976126283984961,0.011326539031590135,0.25799152609582343,0.04769559334087125,0.19408250508825248,0.0056393112903933605,0.06408080262771472,0.015291159261899619,0.0,0.18882366003220125,0.19919311500380807,0.014227858322126903,0.042071188079163234,0.006399052396597717,0.04929376028701707,0.20799216972084508,0.015948318725197384,0.14061368767905705,0.07039406351259378,0.0,0.261643168004815,0.06541594007202572,0.09995991552203423,0.03990727784764165,0.06273904229226238,0.01176078775231975
SRR3362735,0.03356258930497772,0.0,0.0039700766976384205,0.008132189239461445,0.012110623270985508,0.020241231797722317,0.27792420804706325,0.04411481509225053,0.1458672481701293,0.0,0.0846167682929762,0.02004840881004617,0.009354926784405582,0.15315501343265478,0.1494470068545316,0.020183762688294832,0.048958159495005885,0.00808342140484512,0.06738010598708731,0.2189683804640913,0.028218027157983737,0.1764437519851678,0.09008128347605207,0.0,0.23727805694100884,0.05820472988116029,0.0966550929614481,0.06282213641757736,0.06467618061960698,0.020454083528472788
SRR3362736,0.034982039486518235,0.0,0.003826233339028332,0.008856952184569458,0.010497147263729438,0.02104308183527537,0.14597524996156486,0.026040854564399196,0.16233564715272794,0.014129038105749184,0.06764740550462463,0.019028998192586192,0.0,0.16233434550524745,0.17407408987052553,0.016870592801425322,0.044319266831484926,0.007639738158864345,0.07323535159689865,0.20278653756931794,0.033266519428272294,0.19873971436159354,0.06788538820776427,0.0,0.22022679768804684,0.05240050445837565,0.10484390526056056,0.028615898262455943,0.0747851787847449,0.0207230443081122
SRR3362737,0.04526804304189276,0.0,0.002797753324966205,0.008330192308787898,0.011654711578064102,0.0320841353099602,0.2711733517290513,0.0203408008430807,0.12043777920193666,0.01669236141956435,0.04347084350835819,0.013233460052582264,0.0,0.12727700566803016,0.1389020563594821,0.0255716254182298,0.040501101331509984,0.005964495955211154,0.07564409087801176,0.14808164994734,0.047078219834972165,0.2072005661471236,0.046751232325614636,0.00024898939598101824,0.18342612626433166,0.08319702601834028,0.1088946941356819,0.07682566109920473,0.08533931252575606,0.0318025953947709
SRR3362738,0.0360286547880004,0.0,0.0030530752864991106,0.00759036997530858,0.009541521848358164,0.020873405514294542,0.2163809614952635,0.02103522363146468,0.18862139590619287,0.011996353108654968,0.05301295055631609,0.012610486897467837,0.0,0.16484710371017014,0.20009571972581874,0.02455500154565836,0.0422139232380408,0.008312237284176363,0.06265385756245984,0.18089562234849146,0.0306194534904176,0.24802862843208665,0.057463606670033626,0.0,0.21499938783684375,0.06743795410998615,0.10846520054738548,0.04638321613914522,0.08102887633208286,0.02006741362317213
SRR6870283,0.035380688549763034,0.0,0.0033119933319972683,0.011928071421021815,0.012131400377918563,0.024093537884610987,0.2624624121695295,0.016781884052612814,0.23582385219683336,0.001168875431099715,0.049734004631546265,0.010156350225804932,0.0,0.17430120035502245,0.21812508758568164,0.034594467030668395,0.04010857964459666,0.011571711951331056,0.05620133177002693,0.20835513262193614,0.03493406954896988,0.19919467641098595,0.05157790613057386,0.0,0.2449843036392563,0.060167928479145226,0.10259818216272218,0.0568996971253476,0.07611245229584057,0.01898049853080786
SRR6870284,0.03484331917942677,0.0,0.0033803189273370602,0.01414913200753081,0.01347641429296067,0.02273864577788388,0.2732003365459381,0.016347869809872826,0.2371069202724809,0.0014149544692259707,0.04961666581204227,0.010043082379420492,0.0,0.17526254493294274,0.21973270373191164,0.033060998407533064,0.039501955219367,0.01213395755510642,0.05558313418016588,0.20935252126332352,0.03393102425680961,0.19780564685977414,0.05167209542354947,0.0,0.24615029639888664,0.058792084433589985,0.1032943887646672,0.053634053029632124,0.07655763001273208,0.018445189826704667
SRR6870285,0.02157909014873588,0.0,0.0029955379430550754,0.0062838285953164255,0.011315291413049523,0.01103345811575295,0.3467796638705353,0.023060623430917956,0.17749474107461494,0.00020506586510521315,0.07975511718380322,0.01676364126489736,0.0,0.15197442459650665,0.15725148514851486,0.028389892076965014,0.04239234218663775,0.008857822164470787,0.041736857427281816,0.2204008689848201,0.013867582909832364,0.14206009700631209,0.08850146530283083,0.0,0.24791918225402884,0.05341465754350143,0.11251389025917606,0.07986990559521068,0.07186324700169816,0.007860317546168416
SRR6870286,0.02184479204489897,0.0,0.002481297936024012,0.006811903179606592,0.011978275529892926,0.011734609684098628,0.3508575585710001,0.023089557713767285,0.18081629037971386,0.0017430598533943115,0.08057099860603732,0.015744230647437386,0.0,0.1527810069619133,0.15819113480578828,0.030732759083058905,0.04185708534084688,0.009339175004885208,0.0412868908476379,0.22756331158846385,0.013717886767139892,0.14108871697253014,0.08895440277489193,0.0,0.2483986252726048,0.05569907482726364,0.11304924847090266,0.07505446430152854,0.07116037695815089,0.007949971139381552
SRR6870287,0.01977611103254753,0.0,0.0009170014111393088,0.005321940042837985,0.009470776406768851,0.009718201789978252,0.27703632223874824,0.026088756877116426,0.2063598769819326,0.0,0.04134899242003657,0.03390484201774286,0.0,0.19439973963252924,0.21221294744859098,0.025786164748652547,0.04003721206515788,0.005578802359175666,0.02975564184056046,0.2696856118620528,0.015411704706914275,0.12471008319440426,0.039927218049531886,0.0,0.3064543023877981,0.057547788611443176,0.14639178631738625,0.036364884252289266,0.09185566246123184,0.0059137077796489095
SRR6870288,0.019630325501729853,0.0,0.00020138070205412268,0.004601320421514671,0.009298241366739964,0.009508330030018457,0.28794127902520417,0.02574411741917771,0.2043230918808086,0.0,0.04119163794055795,0.033659428350576566,0.0,0.19267121249180552,0.2116460624523991,0.025861741103687837,0.04021563101375484,0.005058402293445452,0.02984018383590005,0.2674569589024245,0.015406836539672241,0.1313388583055031,0.04013925698587858,0.0,0.3045711234669213,0.057375181558677414,0.14717367694983172,0.032656440957154746,0.09152970168499597,0.0059973844666478355
SRR6870289,0.03701740123367053,0.0,0.006555840872853007,0.024633414448192337,0.02343408579772654,0.028588311398203243,0.16427039401483445,0.03349111090607064,0.2087288912191808,0.0026248430733467284,0.050859119497134564,0.01096810312489343,0.0,0.18663055459994685,0.2066707083015994,0.06471286348569852,0.04160729881281113,0.019916711019923428,0.06625163222173243,0.1875109629223525,0.04573861177213103,0.214775010135526,0.04483790870382535,0.0,0.1889519868509841,0.05629533434657993,0.06476531926461347,0.039685878247932134,0.0557788631524794,0.013482953259254315
SRR6870290,0.036779850267840704,0.0,0.005862515884352385,0.02411143533062389,0.02337151146982874,0.028363628688326287,0.16788662353951864,0.03675779143976027,0.21079747872644294,0.0034861197067886235,0.05055724100311742,0.010137472251407523,0.0,0.187394979706848,0.2038057578065499,0.06257965991615412,0.04164298260253052,0.0199213174731856,0.06593180332030787,0.18703827588065966,0.04419920601206484,0.20766901087613274,0.04471361651281473,0.0,0.18848904906247466,0.057905746951021984,0.06421374024533112,0.044390619741759514,0.05350261605120201,0.012946207484804531
SRR6870291,0.016014195546478836,0.0,0.003114208713908398,0.006479122568322114,0.010014778172944444,0.010160891288986777,0.17708847002299907,0.0280951886467018,0.1815993186228477,0.0,0.12294663540295245,0.009155817582742365,0.0,0.1490054134957581,0.14846421934501142,0.014747141019627425,0.04071520406982633,0.00795530173280565,0.033719810380116975,0.2894648119616778,0.010365139419492356,0.11885138857490272,0.1370663313025494,0.0,0.2675528317152744,0.027872013123468327,0.11601958843803738,0.04223197364459165,0.06876213160901276,0.005155914457342477
SRR6870292,0.016166743898450797,0.0,0.0031068367417796307,0.006309883727577895,0.009687660242298123,0.010494467460602874,0.17251390866029814,0.0280083857981538,0.18313028645434284,0.0,0.12261369445690615,0.008948159864370888,0.0,0.14843109376211772,0.14766562071591774,0.013664692579767188,0.04135751228477538,0.007877853046650068,0.03466099677629605,0.2917519338405196,0.0110953645057971,0.11661263665714833,0.13760215535242903,0.0,0.26799315959958314,0.02887699462593247,0.11468814638725405,0.03874492994916665,0.06702680661811207,0.00513524024076546
SRR6870293,0.029023499209024837,0.0,0.002833714164618727,0.007739688990164825,0.011891704251005192,0.020211769800181297,0.2436090165601337,0.03499601510626758,0.18968417931532286,0.0019071125454784821,0.06172174332425508,0.018292757191087326,0.0,0.17526124574698884,0.1856337547600914,0.04233982444831698,0.04107204196702025,0.012624049741429446,0.05533303643151282,0.2201882547331349,0.030109208711362155,0.22330484307258355,0.06420473436829785,0.0,0.2589564330886452,0.05539070702184367,0.10503834026407093,0.03525788625374165,0.06663460016117254,0.013176922596810938
SRR6870294,0.02905225494450198,0.0,0.002934404515645788,0.00874520196133793,0.012025661914126212,0.020487301439328514,0.22561027749975965,0.031101460634747436,0.19140437146334052,0.0,0.06253450222272637,0.019463191603726556,0.0,0.17554764996483582,0.18391951256664127,0.04394886942648761,0.04135751228477538,0.012888727074661523,0.056345155907478066,0.2242552616332268,0.03111093554156104,0.2187392314935329,0.06373578471643089,0.0,0.2595715355324253,0.056328821287925886,0.10441667781449618,0.030054995660567844,0.0653630370762157,0.01366317494499205
SRR6870295,0.030409520160794595,0.0,0.002366223249135942,0.00971015816700312,0.01167135756432041,0.025048894123734632,0.27009229316004496,0.038922397288922,0.2611882852444733,0.0,0.054425160023793336,0.007570067733360181,0.0,0.16712232299751364,0.20295945163747145,0.0354306828299298,0.03900238216329551,0.010823701433291477,0.0370712675450569,0.2380155800686289,0.03536003418264765,0.11260044204376103,0.06161799497745015,0.0,0.2753140204807295,0.07053192353310267,0.09861156089396114,0.0740028162029083,0.06888168567781447,0.011708726612945709
SRR6870296,0.03003151694587038,0.0,0.0026934668899738913,0.009950988861988714,0.012045953006862004,0.024580960050170943,0.26604629854850165,0.03926510779467075,0.2616543495064293,0.0,0.0543301228313536,0.007381287989386112,0.0,0.16896109534632914,0.20533568926123386,0.034355548230879426,0.038431441527785236,0.010996766312860921,0.037305255594529234,0.2357751573914965,0.03475354168041121,0.11168895019153244,0.06221813147657353,0.0,0.2751407155650311,0.06947815134380482,0.09950048500214592,0.061493738819320215,0.06911148065038256,0.011862199193823132
SRR6870297,0.04099913589839625,0.0,0.003351550255615042,0.009236504547038895,0.01384244373527548,0.028089815998832077,0.3318756764923371,0.036581292314379336,0.2118712339656906,0.0,0.04751032375169898,0.0064562672439131726,0.01921896523054752,0.15871316956961815,0.1954755826351866,0.031410508331439865,0.05095645171929185,0.012905043390421929,0.06806997332167904,0.1815676352511392,0.039778453765621176,0.16711405124108067,0.04974106421468076,0.01739494321367893,0.2251797233022534,0.09561545558850393,0.08092267483788257,0.1227810225119113,0.058298053224021776,0.026909958757060874
SRR6870298,0.04172413231904945,0.0,0.0034450484387115988,0.009021211068841684,0.014253945880921843,0.02805207905761264,0.3198945347615712,0.034309629618675085,0.2122871034299584,0.0,0.048050564758738055,0.007305776091796484,0.02061902230032251,0.15888749911343816,0.19491174409748668,0.03023541790798798,0.059556245041665325,0.012058015652728184,0.068264898743174,0.1814199442798793,0.04046871931248091,0.1722700787670685,0.05038968936182798,0.02413732497510106,0.2259648522256229,0.09508089095953363,0.07910093502459742,0.1273794921978781,0.057097750600941466,0.02723558583332133
SRR6870299,0.03733316450106105,0.0,0.005372549444086774,0.018339426741673045,0.016551729877926295,0.02749463967537276,0.14812584762302247,0.05041155802432859,0.0993098506839929,0.021655980684436037,0.047687345691276084,0.011930879819161185,0.006300256813987433,0.1167467588293274,0.10216280274181264,0.02793887189368991,0.06046383880442724,0.009603637083291951,0.07690774266067986,0.13754281709327462,0.03991684156149102,0.21974792405927734,0.043853291510775536,0.007505251793142121,0.12873842047887551,0.1308227085613898,0.0648703251394083,0.01926176517472856,0.05174777976884725,0.02729401580718592
SRR6870300,0.038139122337565286,0.0,0.00562787140561968,0.018096723583053986,0.016519318806146217,0.02770760954226529,0.14009234189629194,0.04989202690116725,0.10009006971458452,0.023235808109206595,0.04821872228251455,0.01206302563994303,0.0,0.1154154644225218,0.10151622239146993,0.029767332096156524,0.059092355775313236,0.009993162215218405,0.0770388690207984,0.13587721223230534,0.037668153976275896,0.22090367189805088,0.044514010563140825,0.007896520843969435,0.12790841089566762,0.12939327474505,0.06549442071011642,0.022748808870153563,0.052168684259221366,0.027691627043534447
SRR6870301,0.0201375920705867,0.0,0.0032580520725184856,0.0126601648620566,0.015112155825628918,0.01792910459992526,0.3370111477519077,0.028940069705902308,0.2924086543463792,0.0,0.03885837275519584,0.006607291039092429,0.0,0.20592696586388906,0.2438284234577304,0.07999147693750958,0.03839575773806585,0.016072948654879054,0.033484290842996915,0.25934496586402256,0.016135946004317354,0.09034555480756297,0.04320760506956915,0.0,0.29376438060563115,0.0533191024497244,0.10586739050907193,0.05164145663224641,0.0779191220306543,0.010117628453757705
SRR6870302,0.020067297218182244,0.0,0.003484605362329373,0.013336681988863942,0.015073487321059063,0.018225263634908527,0.3335229616397,0.029368297092072424,0.2937931190935975,0.0,0.038761544921167006,0.0066450469878872424,0.0,0.2051646088489146,0.2441578674790556,0.07967454383574869,0.03914511732217308,0.016345676518578666,0.03346168686075294,0.2573448732249557,0.016496291800378572,0.09233127131948714,0.04294334758919679,0.0,0.2920329141419412,0.05350797306476807,0.10473031189941268,0.050700508333480936,0.07820635521110986,0.010179749085557844
SRR6870303,0.029074110403110327,0.0,0.0037003704002445048,0.011325138131044646,0.01493661357275446,0.019008325152998516,0.2447817878847893,0.027277955902223986,0.1969175305834464,0.0029939616305361123,0.03898296293320115,0.011609954254405266,0.0,0.17209687950116562,0.19880505712109672,0.033121947080948615,0.0435342234576583,0.012328332662384044,0.0712483142246647,0.20380025194788826,0.02515787694561248,0.14231752212178495,0.03572034746806936,0.0,0.2192926694959947,0.07986667504906664,0.10161326904041328,0.05213960573159284,0.08089052736913749,0.02538209169312264
SRR6870304,0.02897049628550673,0.0,0.0035097779500861386,0.0116748505943339,0.015276489376078969,0.018966710581166484,0.25180645329937745,0.026455257793207967,0.19795715124010568,0.004347396340230519,0.03914968498396821,0.011458930459226009,0.0,0.17319026379440516,0.19799348057882712,0.03361197441520967,0.04289191524270925,0.012620907020979556,0.07134557338325646,0.2033754031128245,0.02454063390738322,0.1430277144318289,0.03566778984258897,0.0,0.2214461498215909,0.07864002919122798,0.10189231463862998,0.0580620450238226,0.08191817824040938,0.026180220967202558
SRR6870305,0.02103284113924176,0.0,0.0011255742811239358,0.00881950291190007,0.007938252139244647,0.013126419232791994,0.252505596914907,0.037947311956899495,0.2960075206330036,0.0,0.0456992895666492,0.0111568828688675,0.0,0.22367997072854506,0.2725799238385377,0.024033280901221216,0.038788279424979165,0.007030997512816595,0.034186274377333466,0.2524319653378023,0.020243462114781542,0.15903510419446162,0.046702253893267334,0.0,0.30468982546397494,0.041690868713646606,0.11510046500284435,0.050700508333480936,0.08338970045700671,0.006862566136671857
SRR6870306,0.021057528185569174,0.0,0.001240648968012006,0.009247619809884386,0.008057902759433695,0.013429673932040566,0.2469031437980689,0.03630963154762728,0.2943518873694465,0.0,0.04534864938638338,0.011005859073688245,0.0,0.2230716600481097,0.2696731150038081,0.02409666752157339,0.03836007394834645,0.00744859187396675,0.03460196665113919,0.25379383555350704,0.020796911878110017,0.1604354215704688,0.04723841702460168,0.0,0.3047364018666285,0.04218768054887016,0.11520652045930455,0.046715315538709515,0.08428330074919567,0.0070819479893540534
SRR6870307,0.03195531963511996,0.0,0.005814867771812794,0.019222512462938667,0.017348459026679416,0.01940672171676219,0.14959546699736426,0.01174731883682897,0.11570531614851448,0.015277406950338381,0.0486879739696948,0.013120192206197822,0.0,0.13670556933178754,0.137683046458492,0.05851072647893175,0.04160729881281113,0.014576626262044425,0.0886457618861228,0.19706987187713326,0.027165387412045282,0.17006080061405768,0.04504734801568591,0.0,0.19097851256449333,0.046537943504010616,0.09736818828655412,0.0119002284843869,0.07673967921161234,0.02550130321050987
SRR6870308,0.0322267946712928,0.0,0.005847232527500064,0.01955565163108913,0.017044791281051106,0.01892713476357407,0.15769321595872834,0.010879290351348995,0.11256398047819902,0.01419055786528075,0.049204167104152964,0.0144227724396189,0.0,0.13711391143131185,0.13751957349581112,0.057728145512276036,0.04203550428944383,0.014232821255019153,0.08787307790303515,0.19809953232457994,0.02553252298294717,0.16990277106692206,0.04512281247721797,0.0,0.1905155747759839,0.04640634195744716,0.0982850932877726,0.011568129084822614,0.07640221393739167,0.026267033080412217
SRR6870309,0.024601411417269584,0.0,0.003657217392661479,0.01338532620368237,0.013278758394110676,0.01362969171317558,0.1974992102512708,0.02378398050215126,0.23417585151074946,0.002194204756625781,0.04236961372975179,0.013894189156491508,0.0,0.19702279607354187,0.2333990555978675,0.04916851381779565,0.0399301606959997,0.01298275038236791,0.05029261979398157,0.24467496216605325,0.017763739425871682,0.1966966180736261,0.03886129665878554,0.0,0.23007295876937006,0.08026494569383262,0.0918636095342472,0.0330992401565738,0.07012337078082545,0.015213218617233275
SRR6870310,0.02397370615135216,0.0,0.003639236972835218,0.01356615838309339,0.013453328618590608,0.013477204888724793,0.18453891301333114,0.024160126179192585,0.2329178543319409,0.004593475378356774,0.04211975263396348,0.013592141566132995,0.0,0.19648684209654144,0.2324088347296268,0.05082144184082547,0.04007289585487727,0.012907238989640343,0.04973308399680512,0.24637891352598715,0.017444265950613356,0.1944327821007708,0.03900770449578682,0.0,0.2272434423081728,0.08134665921635545,0.09132185841601334,0.02584840326608689,0.06964140395499356,0.015538780372114343
SRR6870311,0.0148902476600089,0.0,0.0020317874403674887,0.004801554511340576,0.009280714479751116,0.011062200552974109,0.2627690074686083,0.03085616221459143,0.15868690409247674,0.0,0.10810152109083518,0.012610486897467837,0.0,0.15374219245583928,0.1517726123381569,0.014559419105507516,0.038074603630591314,0.002769554684691933,0.030500351941677224,0.28701291403778,0.012763725987701691,0.0677150338462291,0.12405208366495815,0.0,0.28464218865681457,0.04798822667395914,0.1348487734111576,0.0487632618360226,0.08382459576544292,0.007502454369178866
SRR6870312,0.014853024652517453,0.0,0.0026467177984256128,0.005208636073187193,0.009282962295413463,0.010694265376084595,0.2552401434263443,0.030252078687103705,0.15792783366196705,0.0,0.10831265401275013,0.012855900564634124,0.0,0.1535073314521651,0.15230671744097488,0.013313628220893596,0.03761071436423922,0.0032682570640283656,0.030983642917099357,0.29182445048707645,0.012485936194453259,0.06874128525054425,0.12426619476575028,0.0,0.2821910489424161,0.04857158198976313,0.1350178514757977,0.05236100533130236,0.08458612610640717,0.007656874110057443
SRR6870313,0.019666146460933214,0.0,0.0014887787616144072,0.009269013702888068,0.009602577381889514,0.012715410375644066,0.2207304500083516,0.04261698371675009,0.2623801334185143,0.0,0.0479003432482342,0.012383951204698951,0.0,0.20301100927525967,0.2401202741812643,0.01833579891033524,0.038931014583856734,0.002744154615302388,0.031962321681768845,0.2884294564896324,0.0200090801461079,0.11154440332401357,0.04903577478887941,0.0,0.28593332723619586,0.04508664719411692,0.11051109760861404,0.014723073380683328,0.07597106917958052,0.006673068815060706
SRR6870314,0.01995551823113629,0.0,0.0013916844945525981,0.009205270260046555,0.009651057298066644,0.012621367839395416,0.21330260291433892,0.040625019088589384,0.2627799426676823,0.0,0.04824467918621112,0.01268599879505746,0.0,0.20304632592200772,0.2405254531607007,0.01832848506952537,0.03718250888760651,0.002653317079010963,0.03189466482239367,0.2895547933503374,0.01979548930836376,0.11055358314752843,0.04947853981729915,0.0,0.2876841251679775,0.04370541750990571,0.1118352402959973,0.0177119679767619,0.07671919867673832,0.006626331368106975
SRR6870315,0.035760891056119536,0.0,0.004894270276708233,0.014677126912517425,0.015589269887905991,0.027810886435952174,0.198095121634596,0.03000549429882105,0.2103425983106456,0.0,0.04022501705364133,0.013894189156491508,0.0,0.16739170522796404,0.2056036557501904,0.05545597896734419,0.042606444924954114,0.013369089742879404,0.06393422000781601,0.20085516489374225,0.04060381095344729,0.2050869209541849,0.03502764173180955,0.0,0.21470251979468846,0.07417672114746737,0.09544800248388273,0.04987025983457022,0.07734111582420941,0.02023186019578712
SRR6870316,0.03564193688077575,0.0,0.004822348597403188,0.01487616581279005,0.015311573525943999,0.027464178288498595,0.18613701885694006,0.034009999045168667,0.20785798232708488,0.0007587437008892886,0.03989395554132908,0.01393194510528632,0.0,0.16803387428519914,0.2062867936024372,0.054636828796639135,0.04235665839691837,0.013099031039013949,0.06292690823990951,0.20084073749809214,0.04036846549334032,0.2026675638397041,0.03487332199419832,0.0,0.21433149126675494,0.07377423797345563,0.0948691820495582,0.047877663437184505,0.07734250647781198,0.019977955994097168
SRR6870317,0.029366588672461506,0.0,0.0040635748807349775,0.011637401321664513,0.014796185845632354,0.02232661754361615,0.2088414640900256,0.03478929572991068,0.1765748564770662,0.005188166387161893,0.05229130719721749,0.014252870670042238,0.0,0.15289355888792333,0.16439823305407464,0.053778671474948136,0.04328443692962256,0.012234180201782456,0.06135383779463763,0.1849816126639123,0.029330809053391468,0.18128528817032827,0.050493787368424616,0.006331444640660178,0.18827063738789585,0.10263758187170566,0.0881778365373881,0.05584804902672736,0.05868452850247804,0.019359623816788945
SRR6870318,0.03062653524287545,0.0,0.0042937242545111175,0.011900940618162395,0.01564622467664792,0.022927190569474433,0.20277823191098807,0.034349173138569174,0.17671558212422794,0.0038962514369990492,0.05256204924575143,0.014064090926068168,0.0,0.15212860350104102,0.1645884539223153,0.053125301695933415,0.04464042093895945,0.012285841359862888,0.06111397581152901,0.18759411028149367,0.030817628465228637,0.18506263331783349,0.05072383529758825,0.009319317392432394,0.19198216621196265,0.0995343875427725,0.08760941650320228,0.05529455002745355,0.05769257107367181,0.019798485504222425
SRR6870319,0.019854680718965963,0.0,0.011037928005464034,0.010076523604734721,0.006266484804204169,0.007569934467243136,0.13990138441955352,0.05150270197978008,0.2352911088900075,0.0,0.20178674953341574,0.005097053087299873,0.0,0.1782172384741989,0.2300138309215537,0.0031449515482425807,0.036076311406305364,0.0049903387176744845,0.03370306094558971,0.20769299109525954,0.014827626058021353,0.16509541190683658,0.22460766862850406,0.0,0.21096951156163105,0.04515324781472379,0.09485362915760766,0.07095857170690235,0.07730883580422278,0.005003748304052862
SRR6870320,0.01886255286271869,0.0,0.011017106679305224,0.009914495740961949,0.006641080246745762,0.007358143879763709,0.1392704715497728,0.05537185858079915,0.2316649985421247,0.0,0.20172539416128013,0.0060220738327728136,0.0,0.17864843564091296,0.23076265041888805,0.005046550158807863,0.035648105929672665,0.004929679907895043,0.03386301416814118,0.20899980940651008,0.014077116941541476,0.16495368699551655,0.2256491008030768,0.0,0.20820680736734684,0.04158864822549339,0.09399294833787293,0.06990692360828211,0.07609028612023616,0.005144058626983145
SRR6870321,0.02885921213903305,0.0,0.006275634010280556,0.026949771481749398,0.018934141097029424,0.018148430582976573,0.16888748882943067,0.027199833338530783,0.19611616295277284,0.02642191645534629,0.04336285746145181,0.0020199432605225425,0.0,0.13385793931873605,0.17749343488194974,0.06802847131950465,0.0412861447053366,0.013076084874633222,0.07285178179185645,0.1726272059677783,0.020395795181396784,0.13156869096036503,0.042810540686101184,0.0,0.14059528034076746,0.054067599576592816,0.10578566626394537,0.012896526683079758,0.11086610791328676,0.021188785743164764
SRR6870322,0.028456961736067876,0.0,0.0059378178825847654,0.02630142098874765,0.0192345282468262,0.01802426645222703,0.16515030480091908,0.02444946900768591,0.19750815426944388,0.02114126536302195,0.04437140303945871,0.0030015979291877037,0.0,0.1340396132402957,0.1743096420411272,0.06952537073859065,0.04092930680814268,0.013571170972904023,0.0730791010849892,0.17579325997635425,0.019797213450928646,0.13528207176736295,0.043825147750034425,0.0,0.1396261067972042,0.056873730608968026,0.10450217101196656,0.01981526417400237,0.11054301272629252,0.02104880202713143
SRR6870323,0.05298051823663452,0.0,0.003714754736105513,0.012669288142313292,0.017318599529434982,0.042362135041004535,0.2046962247573932,0.036384217698972224,0.16532963167460288,0.015113354258254209,0.082082522087601,0.01566871874984776,0.0,0.14265960598871694,0.16329535415079968,0.06503711042826926,0.0430703341913062,0.014347293771132376,0.06700632607143893,0.18786861046715148,0.06495909953510524,0.2003918129406759,0.09900583201264246,0.0,0.18031816883290275,0.06801635037237426,0.1063410857979578,0.04488876884110594,0.0950147217540238,0.02194915925995711
SRR6870324,0.053144777815483414,0.0,0.003941308025916402,0.012402282796110902,0.016939842590329306,0.04271314056259064,0.20493680459467611,0.03354608604348437,0.16399302954862266,0.014272584211322837,0.08300203874164068,0.014290626618837053,0.0,0.14384592184866207,0.1606582178217822,0.06328422658083792,0.04317738556046438,0.01402652103041796,0.06665786416677738,0.18718482784699972,0.06415940164545067,0.19904197722555927,0.10025361409026612,0.0,0.1808254220336456,0.06804850423484499,0.1068068615160959,0.05308055403035832,0.0973721745974869,0.021649856699590932
SRR6870325,0.0438712455621048,0.0,0.0040599787967697245,0.013997821010085766,0.015939503868809702,0.032158809680932564,0.21569909709456647,0.034876741562522004,0.20345864947796088,0.010663424985471084,0.03730843187226599,0.013837555233299286,0.0,0.1532218817382843,0.18089291698400609,0.034075184333167884,0.04282054766327046,0.011818264828269916,0.06473563392373863,0.18481569761393654,0.045942516985466544,0.2712928353354067,0.037661927877751335,0.0,0.1836053097551223,0.05584315399209932,0.09862391733265803,0.04577436723994403,0.08191952675299366,0.01951662375215344
SRR6870326,0.04504929601780898,0.0,0.003664409560591983,0.013082823727747613,0.015343255576428178,0.03197084453515524,0.20858936477618764,0.02972772518346747,0.20401376047710396,0.009474042967860849,0.036928001927381486,0.01404521295167076,0.0,0.1534492923082226,0.18083137852246764,0.03378506864770984,0.04303465040158681,0.0102839284332811,0.0652561070929377,0.1822385091488672,0.045753571244385186,0.2676622319102417,0.03773189168457362,0.0,0.1834482839704484,0.05564287222188362,0.09844992531749368,0.04090357604633451,0.08410201008864407,0.020255702499264564
SRR6870327,0.03378078650620344,0.0,0.012317918132055898,0.00821254581709353,0.011357817655310165,0.02282183494597461,0.21022380127662385,0.043166413598855743,0.12023880214753167,0.008838338786034686,0.1961585558371993,0.004549591829775072,0.0,0.11615244754039572,0.12901118050266566,0.021078489214035163,0.038966698373576115,0.0120201308034692,0.07109295546505648,0.1404905618255667,0.03075596501349623,0.10082222397113827,0.21828670052834545,0.0,0.1584313293685359,0.054142998517776264,0.09654813104809508,0.08750819178518925,0.08392055086401941,0.022626835910441383
SRR6870328,0.03300993485918706,0.0,0.01315368400642016,0.008119161673330712,0.01090114656520553,0.021984526574881685,0.20747153249356348,0.03943646304754513,0.1205368967010675,0.00984316152505023,0.19703062788847325,0.005191442959286908,0.0,0.1163892440660013,0.13140569687738005,0.020447060957450025,0.03989447690628031,0.01237035040428946,0.07096828461616199,0.14243180587711352,0.030234056917090087,0.0984439419968852,0.21819899145872654,0.0,0.15577014364411287,0.056346471252234034,0.09690596683360103,0.08424254768947377,0.08314372333342702,0.02321574080633429
SRR6870329,0.023099350351303817,0.0,0.0024920861879197693,0.011754171341019809,0.011350223683477908,0.010984228197202382,0.2292801168961036,0.0325581410301955,0.24482578827431506,0.010868490850576295,0.047868378076065116,0.0004530713855377665,0.0,0.19080290354803706,0.2255163442498096,0.04088680807409018,0.03707545751844834,0.004862778708180885,0.05183523495957483,0.22373359737998494,0.014442229484693847,0.08719311618275866,0.05134928987866347,0.0,0.23028108293753755,0.03519962776171951,0.1326796459207627,0.022306009670734515,0.12511377548167288,0.011326955811099323
SRR6870330,0.022598351763028983,0.0,0.002499278355850273,0.01179859255274999,0.010950902268650484,0.01076388283703126,0.22042518387964447,0.033691078949762684,0.24401387284560566,0.011422168686360371,0.047691533720777855,0.0005852172063196151,0.0,0.19011918705427486,0.22221678598629094,0.041076967935146716,0.035719473509111435,0.004323608421681447,0.05174627297456833,0.22025052033541415,0.0144270164620625,0.08777036300076789,0.05160525870125398,0.0,0.2314937651493424,0.03592636904134405,0.13197070121406065,0.02202926017109761,0.12413993869071815,0.011551008142407924
SRR6870331,0.030792004432012094,0.0,0.0034989896981903823,0.01466644988584147,0.013286959883689513,0.019914511436931574,0.17852131568372304,0.0339868516188892,0.20992582777820387,0.019747842809632026,0.037945278732971606,0.0066261690134898354,0.0,0.15773042819445632,0.1805901599390708,0.062296858071505964,0.04242802597635715,0.009887515146943922,0.04673720336901693,0.20070367723941654,0.031200590954935117,0.2021103842657756,0.03672497046694719,0.0,0.19449808330189614,0.03494314338612379,0.12425088494046868,0.01300722648293452,0.11509339987793432,0.006552060959740246
SRR6870332,0.03156689727703529,0.0,0.004092343552456993,0.015527105883157234,0.014918509543906356,0.019917549580504332,0.18232584434440224,0.03235013568571196,0.20928914360731615,0.01804579612925876,0.03789491878811449,0.0063996333207209525,0.0,0.1574109079917833,0.18086884996191926,0.06159472935375877,0.04228529081747958,0.00992720813673572,0.047299414423097035,0.2060452306446996,0.03239126352621536,0.20291871794140176,0.03635107664955122,0.0,0.19747580768512904,0.03584969034444039,0.12158864490037848,0.017767317876689278,0.11386583201604022,0.00674978877515457
SRR6870333,0.014498443891347088,0.0,0.002068755183530281,0.013182861093357014,0.007694060381006577,0.01009962872286518,0.21872606108778414,0.037242922915534084,0.2740648674738082,0.0032195340821518465,0.04442253251623842,0.009684400865869759,0.0,0.1869565442183905,0.2409888194973344,0.007733167682965479,0.035719473509111435,0.003446617212301056,0.0279759368783602,0.27829041436239643,0.01315906173581501,0.05580700578845926,0.04869661798273285,0.0,0.2636991996433061,0.03824192704763182,0.15252978760474584,0.025460953966595232,0.13030011273986614,0.007159157859793343
SRR6870334,0.014903553373174231,0.0,0.0019041264596010355,0.013099715740100614,0.00727979402961327,0.009947661580867628,0.21078958479818985,0.036899890917753655,0.27394799363125016,0.001886605958967961,0.04504342638824114,0.009967570481830864,0.0,0.1860424741007943,0.2406857578065499,0.00702128717747181,0.03600494382686658,0.0036764663147939095,0.028509340455926974,0.2800076541130607,0.01306585661716028,0.055566198859490726,0.049117531095182236,0.0,0.2630498431946619,0.038773985488316655,0.15274082508187214,0.02606980286579642,0.12913588282841582,0.007371289039363219
SRR6870335,0.024714702417175237,0.0,0.002589180454981578,0.011692698758329527,0.00970664517187877,0.014823981954066787,0.2500289094555851,0.0404363032660054,0.2665092518234837,0.0,0.06385840790208654,0.015196769389912584,0.0,0.20561179395706192,0.2596534348819497,0.02354812946083341,0.038038919840871925,0.007117702156461586,0.0360637231461153,0.2408444886209612,0.0217140543024786,0.21610038889691927,0.07337903523414234,0.0,0.2650150960677872,0.04084660320038111,0.11584635975499327,0.037637931950619034,0.08567884270987143,0.006750474649638167
SRR6870336,0.02502293311141017,0.0,0.003114208713908398,0.011741980407576371,0.009817547536517056,0.01498054628699679,0.25826533519239964,0.03838679156417769,0.26910003483953593,0.0,0.0637953506805067,0.014951355722746296,0.0,0.20437465076091865,0.2597596953541508,0.02367246475460114,0.03718250888760651,0.0065537345140835425,0.0368283038148136,0.23932923240939785,0.022907668058134236,0.21396604935852231,0.07445456393277221,0.0,0.2669612435718629,0.04201022108899853,0.11657021329216938,0.03835748064967499,0.08638571615015334,0.006775362095185857
SRR6870337,0.030675277039243495,0.0,0.003009922278916084,0.012035399442906214,0.01368211980195286,0.017110184992562144,0.19184447643314476,0.026040854564399196,0.17666173004983385,0.01919416497384795,0.059434635255557484,0.00721138621980945,0.0,0.1467320501883488,0.17126184310738765,0.05794999868350865,0.040536785121229366,0.010790810495980269,0.06650954249598096,0.1665973139226646,0.017386557884765102,0.13211082010123298,0.07452859671705102,0.0,0.16237517495826495,0.08036055411076468,0.1225845786301738,0.034815087054322603,0.1293690912234629,0.022561220584843864
SRR6870338,0.029190562884449888,0.0,0.002743812065487422,0.011850742656924705,0.013776588811546142,0.01664736779238414,0.1934035932791829,0.030984759027255133,0.17622227380101352,0.018189342234832404,0.05955855949247594,0.007758847477334251,0.0,0.14576073634678188,0.17237172886519422,0.058281559466889274,0.039466271429647606,0.011010327366857031,0.06587841449775221,0.1597773321315566,0.01845552627499455,0.1295346876423716,0.07362874988767927,0.0,0.16499441931039566,0.08122102986315305,0.12323376874433585,0.032656440957154746,0.13052152164980066,0.022793013499610208
SRR6870339,0.05435999629639323,0.0,0.004707273910515119,0.014113316160584234,0.015568401653310946,0.0417686976549849,0.3313834403980068,0.03867581290063935,0.2415279317617892,0.0,0.06024119350257561,0.012893656513428938,0.0,0.16208514042808178,0.20574476770754002,0.044992310715361895,0.04292759903242863,0.014069571995484987,0.050190184594858814,0.19446990331366906,0.06307354680010042,0.25344709788456754,0.07077149884740562,0.018008419607810317,0.2311806179761626,0.07101199189765324,0.0744630244783436,0.10247757222054944,0.05108481726959156,0.015765347576529466
SRR6870340,0.053796455358012765,0.0,0.003855002010750349,0.013811212081167234,0.014986824914509344,0.042299853097763136,0.3288318763410775,0.03966986626252975,0.24106292758003775,0.0,0.059588127276732336,0.01268599879505746,0.0,0.16219453718820365,0.20414001523229247,0.04679639144846229,0.04274918008383168,0.013445031645257635,0.05042227282421114,0.19334646479449694,0.06319824287560205,0.2485481819233638,0.07093738503019427,0.018223512968372067,0.229398844475626,0.0711665757240258,0.07395288008071474,0.08483755911369313,0.050474826030287835,0.015512782463117018
SRR6870341,0.0255854018952174,0.0,0.004951807620152267,0.0055004216827942215,0.009599357537832635,0.012858243099136704,0.3693339128516154,0.03324806293013625,0.25546872850853025,0.0,0.1445485063718353,0.00419091031622434,0.0,0.16761325620411008,0.20941191165270373,0.019069620938258505,0.03928785248105065,0.00620674373564331,0.03682716004555769,0.2168612213625688,0.01320997465155459,0.11412900165147148,0.1735213175801113,0.008998769699455152,0.27406798866022863,0.043050822459009035,0.08915525946326684,0.1074590632140137,0.06604268741870208,0.013673365080176931
SRR6870342,0.025051056550600533,0.0,0.004905058528603989,0.004751635427665315,0.009202314314554887,0.01294788832231953,0.3512115609466706,0.03438550173814667,0.2552954053950768,0.0,0.14440575820019505,0.004153154367429526,0.0,0.16827093595079531,0.2109596953541508,0.015790582308501708,0.03789618468199436,0.005324672512385009,0.03650118580762255,0.21300113368956344,0.013539590141900485,0.11312250394054828,0.17375355070087195,0.004660077165789276,0.27658074036357405,0.04262493041994811,0.08943855109640254,0.11208908234293913,0.06716743119604343,0.013594685478701359
SRR6870343,0.0453996431429722,0.0,0.004976980207909033,0.016005580100986346,0.019387349335978545,0.032926040871985585,0.2420131260004776,0.03234177689288882,0.18459017590811905,0.009166444170203028,0.042171577649211686,0.01344111777095374,0.003436503716720417,0.1379742907008114,0.16590927646610815,0.05431501980100502,0.041714350181969305,0.014601466668888096,0.0799246182393859,0.16322547969192194,0.04602654358046703,0.2376554309958025,0.04315685587851389,0.012915226433885992,0.16610931368653245,0.0700142623442704,0.08247631809805116,0.07090322180697498,0.07016032845383888,0.029944561418704583
SRR6870344,0.0449357575976172,0.0,0.004764811253959154,0.015439418809598374,0.01953060202062225,0.032421209344242294,0.22060107742550333,0.03641250899775823,0.18436761206916155,0.011791287243549756,0.04231404464572637,0.014101846874862982,0.00598206202540221,0.13991972886784562,0.16656907844630614,0.05639702648488034,0.041714350181969305,0.01451037082680627,0.08037390631184411,0.16053742808133106,0.04549743465334871,0.2382351862193218,0.04388603170901386,0.011311232560280542,0.1691536242376364,0.07264544010505941,0.08323886303207349,0.06509148231459998,0.06887785084515287,0.029514354814040317
SRR6870345,0.037237715252899824,0.0,0.004383626353642422,0.007059586294697649,0.013275994188363732,0.02543313933454102,0.3776899639218855,0.04723328779934525,0.19107988091271,0.0,0.0776522528158024,0.012346195255904135,0.032643363859504344,0.16417258757408176,0.16168158415841585,0.043673381422649316,0.059581476004093185,0.013158010861155771,0.055733336285162687,0.16992244895169786,0.038972214276235116,0.2140654449268596,0.08420933457336678,0.042124402634684435,0.2410166046005955,0.08786189558803682,0.039539267998846606,0.14282930976460795,0.02088357157266361,0.013135018931932084
SRR6870346,0.03617542999996262,0.0,0.00444475978105171,0.006869989391895922,0.013257373769431036,0.025129824671932463,0.3677375792351688,0.04513973168918022,0.19145965464601086,0.0,0.07832541566377789,0.012572730948673021,0.021764523539229308,0.16291521419665567,0.1614541355674029,0.04508007680508029,0.05334149855336474,0.013035746120365418,0.05551493451504213,0.16719794918367514,0.03895771119465991,0.21832220907748054,0.08480099403612235,0.05082815128512006,0.2381979408934145,0.08814648126632255,0.04025207707440752,0.13682550611948496,0.021545775533590626,0.012958455243440206
SRR6870347,0.042628398482576886,0.0,0.0037363312398970274,0.01342169980575381,0.016974774860757692,0.029447586346838632,0.301401344322914,0.04066263365629351,0.1291675926908954,0.007771996287487578,0.053141270004407784,0.015442183057078875,0.018709853568811163,0.13761248066963755,0.1366515765422696,0.036615525041128166,0.04649597800436784,0.014353019549486288,0.08307667183540518,0.1878879735507871,0.04176202907644731,0.1625500074154738,0.05749299372944201,0.0,0.19840869233245012,0.07789691770301553,0.09500739287158484,0.07747546892435217,0.06758003390582047,0.0324304318327804
SRR6870348,0.042975116776876834,0.0,0.004203822155379812,0.012981670851888486,0.01680919589892715,0.02925088653828964,0.2883741455095973,0.03952165843593484,0.12712895244941336,0.006787680134982555,0.052913355367104085,0.015026867620335924,0.01629157317556346,0.13744591972754214,0.13895689261233815,0.03619132227415591,0.05084940035013367,0.014060359088960644,0.0819854965793448,0.18621971101167176,0.04124346784502008,0.16221231332367805,0.05713982155650067,0.0,0.19944806962855655,0.07917443385073324,0.09506624100723199,0.08274810039143449,0.06658175532427535,0.03291518178923554
SRR6870349,0.041568010118500025,0.0,0.00482594468136844,0.018724676174346443,0.01627780012599311,0.027338495085962672,0.1686708340588388,0.048009048071739016,0.10967589796876442,0.010683931571981605,0.06354827173859237,0.0157819865962322,0.012918708416560088,0.12461682962833337,0.11815585681645087,0.02268265829833254,0.061484971898114485,0.01194169194511708,0.08144569564831275,0.17597398209028664,0.04419028103878778,0.19408411373486845,0.06369724245774527,0.0,0.1647267180446593,0.08568673744888909,0.07293798231855643,0.04743486423776546,0.051872348618821805,0.025415797524888012
SRR6870350,0.04210922824884279,0.0,0.00498776845980479,0.018357673302186427,0.016737296173619336,0.02853066662146762,0.16388449155024246,0.04807334647807087,0.1088723571736714,0.011012036956149943,0.06299591060377252,0.015744230647437386,0.013045986331994178,0.12393982117633336,0.1154696725057121,0.02475003730058813,0.05871100780033225,0.01197759644998298,0.08135520217565849,0.17613685979380975,0.045750832900311546,0.19322435774628546,0.06366348501514281,0.0020630549952712933,0.16120861695102956,0.08393107257020113,0.07229325292647222,0.04987025983457022,0.050124465604479834,0.026107354968492726
SRR6870351,0.02622069471657621,0.008407832663263847,0.004423183277260196,0.01122526012404235,0.013852498153981388,0.016865954227328932,0.17256486019121445,0.042050514756966494,0.1332501735748825,0.005393232252267106,0.06964601309580548,0.013856433207696693,0.0,0.14297780049143696,0.12991536938309214,0.02753173475527401,0.04253507734551532,0.011968469645388773,0.06597263006696807,0.20613786971150524,0.020691739181651958,0.1638120489377373,0.06925037944156676,0.0,0.20538226508507373,0.09125820730005724,0.09513820891369633,0.04881861173594998,0.06356500625014512,0.021817144752209392
SRR6870352,0.025205859176290583,0.0017797601987930769,0.004448355865016961,0.011313863509592051,0.013797851932676464,0.016847945231545716,0.17778451224099456,0.04137891790283032,0.1326493731189208,0.007587437008892886,0.07020096400151864,0.015007989645938516,0.0,0.14366811897096518,0.13113346534653467,0.028007134407915333,0.044854523677275805,0.011587640808405856,0.06666377687225286,0.20573352296499686,0.020720136823897145,0.1621063331908768,0.06884269050585114,0.0,0.20628044352944674,0.09045270772048364,0.0939512036125456,0.05402150232912379,0.06386559813338888,0.02148612866214924
SRR6870353,0.04596125970134942,0.0,0.00382263725506308,0.01157823943877723,0.01611826596574104,0.029379308067598375,0.3526554830271589,0.035685294022145014,0.115593636698959,0.0,0.045031913006783934,0.016537105572128476,0.057838916796510674,0.11895964370488064,0.11214708301599392,0.034726116165245985,0.06432381561356834,0.013692617745358106,0.08392036644195737,0.11535500125670207,0.043008786991161785,0.19434091174896376,0.04576461831955375,0.04174736154934175,0.16905843654095146,0.08783128809706138,0.05512739249755209,0.16078758479604668,0.03857546670440255,0.03280779344151795
SRR6870354,0.04789322726004136,0.0,0.004246975162962839,0.011526886127638036,0.015821736553635054,0.030397885675936574,0.3457699374448117,0.03732876128798709,0.11515969286720265,0.0,0.045140505800013886,0.01634832582815441,0.06304499411168568,0.11835650325426195,0.11327402894135567,0.03440674511654849,0.06717022861775056,0.01325319654491897,0.08395669565527229,0.10930954281101858,0.04299103846475855,0.1927947933026827,0.046029553962835534,0.04544495869705314,0.1654097632505626,0.08998868962559094,0.0556669251818114,0.15847174498308508,0.038939986512345696,0.03199392171500498
SRR6870355,0.03136791638469918,0.0,0.004581410971731292,0.010939171584639279,0.01312733459577546,0.0220957985832337,0.12379494091173113,0.039394990575461086,0.12079115693814277,0.007854022633529663,0.09947457988181617,0.015687596724245162,0.0021000856046624774,0.13290945403035986,0.12932118811881188,0.030705941666756057,0.05538124164449646,0.012417448160072788,0.06330047491044237,0.18176050675088212,0.034058509386460316,0.21644811661075536,0.10730609391539052,0.0049797879196203645,0.17800144499897744,0.09417706348212253,0.08201214060653989,0.03680768345170832,0.05004186920869155,0.017580955316681805
SRR6870356,0.030315637907778876,0.0,0.004383626353642422,0.011985241321320296,0.013660613673723909,0.021798220415397376,0.13189667738421046,0.04080376865819192,0.11980978768872674,0.007197811865192982,0.099664461883715,0.015706474698642572,0.0,0.1318755406370121,0.13033364813404416,0.031549471306827316,0.05498871995758315,0.012815196026327042,0.06272135933447827,0.180599101401052,0.03468204047404387,0.2124468962714747,0.10630851627562726,0.001138237238770369,0.1788778048857968,0.09522966256201017,0.08065729765544448,0.04433526984183213,0.047696595119505386,0.017113352222316608
SRR6870357,0.036689321934259216,0.0,0.0036248526369742095,0.012733071424806579,0.016128502639770927,0.024421357573668187,0.2185382050085798,0.033159009637366635,0.14956740512030403,0.011422168686360371,0.056874343354340814,0.012988046385415971,0.0,0.14310013608310018,0.14868435643564354,0.03166405481284856,0.042606444924954114,0.012440006865767907,0.06769731778936698,0.19699963324041586,0.03385637902576513,0.1841075579198671,0.06281623348696863,0.0,0.1931253229683503,0.08276004276303739,0.11069079076055167,0.05584804902672736,0.08869542321992863,0.026489681002063926
SRR6870358,0.03662301329757578,0.0,0.0037902724993758093,0.012527259783732043,0.01653815185629022,0.023506476602536783,0.21533844886703726,0.03120208764065678,0.14913595247702846,0.008407700469313741,0.0579674634503784,0.013516629668543369,0.001972807689228388,0.14339433541667082,0.14889108910891088,0.03343644223577287,0.04278486387355106,0.012235773087489936,0.06747139428244482,0.1991345081283188,0.031624679315821684,0.18437658441082413,0.06418970175713894,0.0009248177565009248,0.1914103617347268,0.08162772556641057,0.11224557901890067,0.0461618165394357,0.08989627367624632,0.02518501709150222
SRR6870359,0.041161196185812855,0.0,0.005591910565967158,0.01574638332653204,0.01635188691518861,0.030093151880474955,0.11387268408677355,0.04131397651243515,0.11846603002136538,0.020998744586773827,0.08336136575341725,0.01164771020320008,0.0,0.1293118225258959,0.12400682406702207,0.05294489362262337,0.0511705544576082,0.01434750902595771,0.07502913073672253,0.15975455203316175,0.04422821217521528,0.20233175105204096,0.09214956732264486,0.0006758283605199066,0.14489342312932152,0.1000958803650226,0.09349000788712912,0.024298606068120232,0.08922673717814217,0.026714680493373683
SRR6870360,0.039862432121619065,0.0,0.005620679237689175,0.015898730154923258,0.01652721653685177,0.029252665451302638,0.11522356424124088,0.04058290363244202,0.11922282127943518,0.021572929009068424,0.08268326014270821,0.010628299585740106,0.0,0.12960687030743645,0.12113182025894895,0.05050207079212797,0.04360559103709708,0.014288916662501488,0.07466267869867982,0.15900508679597156,0.04398409387205757,0.20294787815545656,0.091839270115866,0.00854096398650854,0.14360318894610827,0.10121417357188194,0.09413127843054336,0.02833914876281904,0.08903706045495696,0.026087007358812656
SRR6870361,0.021914537074445357,0.0,0.0020785365319157673,0.004594667199668089,0.008057325617574444,0.012171742578414885,0.2655385554665011,0.04837812092408384,0.21106530799013726,0.001886605958967961,0.0898832227908126,0.01047727579056085,0.0,0.1930182011975048,0.209484965727342,0.016478083344629153,0.042106871868882616,0.007809229808333229,0.03975992011915517,0.2465212891409549,0.016608766747699674,0.15145438919228402,0.09829119900897794,0.0,0.2884225646391725,0.0518459436462768,0.1271552205333287,0.0580620450238226,0.08572266936886114,0.007730197358423014
SRR6870362,0.02168278673976818,0.0,0.0026790825541128825,0.005528508637296265,0.008563904290560672,0.012552250073115324,0.2649492899350346,0.04857101614307938,0.21115737595590744,0.001825086199436397,0.09019266341583826,0.011421174510431195,0.0,0.19443619638123685,0.20901879664889567,0.0190574312035754,0.04235665839691837,0.00857837835022072,0.03956367645512796,0.24020778487082545,0.017122459811884892,0.1491617065560627,0.09858533333308216,0.0,0.29273483861785204,0.051102885481219336,0.1250147657057015,0.050700508333480936,0.08402919040909193,0.007811097886797853
SRR6870363,0.033153136222571815,0.0,0.002715043393765405,0.006310999237827622,0.009884313736866265,0.022310307509699274,0.28966432688375565,0.07847877686427603,0.1326153445443529,0.0,0.04911367310979467,0.006758314834271684,0.09058697700580756,0.13952246961992845,0.1221761462300076,0.02472078193734866,0.09006732702102713,0.009586373646300071,0.05046019168293259,0.18289837266570436,0.031686900578383914,0.21450598364456894,0.05800451694173394,0.015245265016780632,0.22221703450531394,0.08627259895297852,0.08332931788832565,0.08352299899041782,0.055900987823394914,0.01574614309098873
SRR6870364,0.033957884448788285,0.0,0.0026718903861823787,0.006825329142255086,0.009603124147861436,0.02278020038635592,0.2869049691920461,0.07552201464910592,0.13213687734400298,0.0,0.04976192976112175,0.0071358743222198215,0.09127537261294033,0.1411702086055161,0.12534214775323685,0.02506209450847576,0.0845107482097731,0.010486655427781726,0.05059849083330007,0.18509247580943386,0.032000593105042316,0.21463140392007346,0.0576698812216502,0.012791359440255098,0.2253633157243631,0.08691071714897727,0.08357682832832365,0.0844639472891833,0.05502529746396617,0.015999655364402336
SRR6870365,0.03067733887496126,0.0,0.005372549444086774,0.018142100946426785,0.015200974920179003,0.021894801400552208,0.09745964527987233,0.04098412568795276,0.11186660671559748,0.012344965079333829,0.07839029312432846,0.012534974999878207,0.0,0.12511489510067694,0.1159534501142422,0.055024462359562064,0.05939728997836985,0.017735017263221742,0.07838458140109834,0.16820255152288754,0.03210865627580033,0.1831985744731486,0.08754235457031881,0.0,0.15200627289182145,0.0958228293383359,0.07353946417520152,0.01610682087886785,0.05218924907613192,0.025063454004456944
SRR6870366,0.03257576723931084,0.0,0.005228706085476686,0.018758021962882912,0.01613144910084184,0.023572056530577555,0.0964725147504682,0.040284237535030576,0.11421505539687628,0.011258115994276202,0.07909744856511522,0.012081903614340441,0.0,0.12544865332084526,0.11813221629855293,0.05536577493068917,0.055842607814605774,0.018394945506734185,0.0781316339222653,0.17191608722955276,0.03390511140826088,0.17745996976744258,0.08802867272781048,0.0,0.1532613486740026,0.09500058628808933,0.07402809214869023,0.01549797197966666,0.05139413234361499,0.024527818693456792
SRR6870367,0.034815305704808015,0.0,0.0056638322452722024,0.018000470984363297,0.016178592477976494,0.02591344584804901,0.1080393983820452,0.04015982011877845,0.1136477534753802,0.007361864557277152,0.06412080348899854,0.013403361822158923,0.00598206202540221,0.14097008094061064,0.12242242193450115,0.03319996138292052,0.06802375603245278,0.014144265419876276,0.07810600573656501,0.18194920189925276,0.03852170596604545,0.23869453797835685,0.06499479415777724,0.0,0.16545441781135903,0.09448468476337236,0.06314247517691653,0.022139959970952368,0.046557902665120214,0.02384599413538124
SRR6870368,0.03442124766242812,0.0,0.0059335385426661155,0.01869001567730137,0.016325854779747632,0.026036410711598783,0.10731322830229056,0.04214631938240095,0.11390911624982634,0.006090456193624832,0.06359444365394773,0.012969168411018566,0.006809368475723791,0.1400485073612804,0.12010747905559785,0.031595792298623145,0.06565456866047739,0.0135845167720748,0.07901681439674382,0.1840639543669069,0.03849766939028792,0.2396815955465769,0.06411555594570854,0.0,0.16588762357584452,0.09519350946291373,0.06339613998213421,0.012176977984023805,0.047289934293302915,0.023925914843065218
SRR6870369,0.03505277419720914,0.003989117686950001,0.00495540370411752,0.0169278680395995,0.0163286493613819,0.023452349676253818,0.16194966254579546,0.043101472208460584,0.10865302657933797,0.009617589073434496,0.050591011615566416,0.013724287386914844,0.0019091687315113434,0.12240426292076888,0.11278945925361765,0.02680766451509723,0.0626174816688047,0.009908868425617166,0.07667993871955729,0.16103251555311218,0.03715861913827659,0.2010198549702644,0.049398139836815166,0.007505251793142121,0.15889358885991933,0.10070387097844097,0.07862039360075784,0.04344967144299403,0.055436256674031084,0.024636284843934327
SRR6870370,0.03709033523579373,0.0,0.005099247062727607,0.017628647514338392,0.01668243732110311,0.02439621293804634,0.1635101085622054,0.04518216863735924,0.10834835952853357,0.008653779507439995,0.05062759397927103,0.013894189156491508,0.011391373431351014,0.121409139508046,0.11193054074638233,0.02896524755400784,0.05797786812064293,0.00986452593159813,0.07725729017683855,0.16310512483873588,0.03723072886554919,0.19967534961685676,0.04904425182524722,0.0017784956855787016,0.15727607631340085,0.10045026605321576,0.07797144202788338,0.048375812536530935,0.05542892413685397,0.02532434759374165
SRR6870371,0.03627123663298159,0.0,0.005131611818414877,0.01749586195496916,0.015443496004613975,0.025406755456146075,0.06709873564883673,0.053594007645723495,0.14694884800289104,0.024238785255436192,0.04400199811923439,0.013384483847761518,0.0,0.1411912076927717,0.14083838537699925,0.050207079212796685,0.04239234218663775,0.012638428763761832,0.07517285794457569,0.17538094019540768,0.03785131876875734,0.23411074045935806,0.038961966175117865,0.0,0.14605512000715376,0.08541985505806651,0.09015126475544842,0.011236029685258327,0.08327499260530483,0.020145537992922884
SRR6870372,0.0355892638509725,0.0,0.004948211536187015,0.01726642540039149,0.01418602539685413,0.024745539485552748,0.0685293660256078,0.055056474897741424,0.14677128456861918,0.024423344534030885,0.044238673581502935,0.012931412462223752,0.0,0.14165194145443868,0.13884947448591012,0.04707675534617384,0.04419203069238447,0.012647770823181378,0.07472876529856808,0.17717373393908145,0.0381064918683605,0.22669589377153504,0.03895465708598296,0.0,0.14583071670796174,0.08701677690429117,0.09005544272022561,0.004981490993464285,0.08250250559959316,0.02068022614392188
SRR6870373,0.04363834059942568,0.0,0.005876001199222081,0.023346474176873952,0.020129371511652085,0.03492350034434959,0.07907057318700053,0.04133198006620807,0.09408323124319262,0.028555626781766038,0.039233371580549764,0.01274263271824968,0.00840034241864991,0.10880854705273701,0.09816584920030463,0.037305464024192235,0.055852700199576916,0.01343457026074635,0.0894223424390484,0.12039509802656008,0.055181436339560144,0.226983419753129,0.02970470338002045,0.004896094005004896,0.10489582430114763,0.10933283721469912,0.061457729625091335,0.02501815476717618,0.0587919038170028,0.032299952377448364
SRR6870374,0.044450373978511606,0.0,0.005778906932160271,0.022919950864960667,0.0204259312996454,0.03447999134608789,0.0799145963730485,0.04153226960193178,0.09519456632569363,0.0290143591220064,0.038740427189368265,0.012421707153493763,0.014827877148071432,0.11022009933469748,0.0977844935262757,0.039499616267152184,0.05508495805712939,0.013151983726046387,0.09016005422319254,0.1291187367068634,0.05445785427313776,0.2219769559056802,0.029747691373334526,0.0,0.1081505200108392,0.10838112554408948,0.06244018577213811,0.025184204466958324,0.059341422695104375,0.03228437322846378
SRR6870375,0.0290992647988671,0.0,0.002988345775124571,0.006218889962921635,0.012118733632902359,0.019711075744277214,0.3356212785998697,0.029860179900511083,0.20293799108546756,0.0,0.0692253751079657,0.010760445406521955,0.0,0.16363777369904092,0.17542348819497333,0.030764452393234987,0.043427172088500124,0.01120031127569782,0.054363294575775115,0.2304985272666388,0.027107476505895275,0.14376957536143772,0.07885783802794746,0.0,0.26972745230129824,0.06997347013068812,0.09537937415544458,0.07793265909775235,0.059634302772006674,0.018921807271425714
SRR6870376,0.02923551090309724,0.0,0.002283513317935141,0.006078335671456096,0.0123857073066372,0.019331887443496527,0.3371719773668869,0.03138951749511412,0.20445984222720304,0.0,0.06926024082353531,0.010703811483329734,0.0,0.16401071960982,0.17537437928408225,0.031644551237355587,0.04321306935018377,0.010802563409443564,0.05407853480289202,0.2265735163132081,0.02653333703178817,0.14108119175599987,0.0795295960654495,0.0,0.26976905452502753,0.06739417579972334,0.093995214480105,0.0819510618324802,0.059669574804289735,0.019059668042628864
SRR6870377,0.04073395633394833,0.0,0.004876289856881971,0.015753235746637503,0.017445479610808338,0.030835598216066056,0.24122537102683286,0.035988139515968035,0.19614907844312596,0.005598298117372319,0.058273307993535035,0.011798733998379336,0.0,0.15233241661181582,0.17722412795125667,0.05369090538522975,0.04271349629411228,0.016871371853012122,0.06955966492678685,0.17585628491524666,0.04193723238708502,0.1818405864401242,0.06392864671272774,0.004854247047697162,0.20195177737022169,0.08976585216080621,0.08548513477487332,0.07621681220000354,0.0617005190382796,0.028286966095297295
SRR6870378,0.04048936763553519,0.0,0.004671313070862597,0.01481270124751097,0.016612633532021002,0.031339630232342826,0.2347793377807374,0.03685648949347966,0.19556046890951725,0.005044620281588244,0.05903242163778739,0.0133278499245693,0.0,0.15314729785892828,0.1791907387661843,0.052345158676214316,0.0431060179810256,0.01605955980474321,0.06870356333169593,0.17701465291862414,0.04175913860214736,0.18507925150433785,0.06461355357552917,0.004812400090389427,0.200551546003072,0.09091944529628183,0.08649736087461067,0.08352299899041782,0.06290318155838244,0.027997331099080872
SRR6870379,0.023498054396834427,0.0,0.0045634305519050315,0.014246340757864118,0.015640210250956767,0.017503504658513462,0.13819605883262512,0.03265137371937668,0.14109704626142308,0.007300344797745588,0.041548345584059565,0.017613150112780668,0.0,0.15524299085863594,0.14660076161462302,0.06101937387671595,0.04089362301842329,0.010892496875468585,0.06235919158466536,0.2367668510082851,0.02202247298129148,0.1805923411481662,0.03795380165882415,0.0,0.21793415340209527,0.07317301940072346,0.10611148980865744,0.0,0.07286540255692314,0.015063240730153232
SRR6870380,0.02363232113877551,0.0,0.004682101322758353,0.013824319326601522,0.015442372096782803,0.01732055644718851,0.13726608262920534,0.033384697043591434,0.1392772065741722,0.007136292105661419,0.04161625677622804,0.017405492394409198,0.0,0.15495157549496666,0.14744012185833968,0.05995886695928531,0.04100067438758147,0.011004257180782585,0.06257474362460594,0.23752504861652665,0.021844277776202948,0.17895717430627694,0.03798209612243403,0.0,0.21634286834444968,0.07276579046591587,0.10679941902792328,0.005479640092810711,0.07368652029770606,0.015416564071275162
SRR6870381,0.039706969708499316,0.0,0.0045634305519050315,0.015264761776212629,0.017306449174503368,0.028736660750814817,0.15645132777474285,0.028175561654616613,0.11487400125206072,0.018804539830148046,0.09141675192562417,0.013516629668543369,0.0,0.12272937757724355,0.12473632901751712,0.05112862315483986,0.04332012071934195,0.015231259236853626,0.07188845667550361,0.1636833596696582,0.03947662739661521,0.18296372500726651,0.10493203394808172,0.0,0.1561303194180301,0.09905570558025216,0.10225597083155302,0.06924272480915354,0.08694155618099382,0.02700807146890505
SRR6870382,0.0398550919864638,0.0,0.004272147750719603,0.014793458695703187,0.01679874659368596,0.02854501785229153,0.15646461947846013,0.026243394544344517,0.11659313331987385,0.020034935020779326,0.09156055080431257,0.012610486897467837,0.0,0.12440373661788752,0.12706693069306932,0.05083119362857196,0.04299896661186742,0.015073089991197369,0.0714335466863638,0.16591353130251288,0.039634690701754925,0.18271821481796655,0.10472768085804184,0.0,0.15556032373313033,0.0984969855620626,0.10105982939908778,0.06381843461627021,0.08746026997474783,0.02713812633527106
SRR6870383,0.0341576625842686,0.027678339643299237,0.004976980207909033,0.00757423491633932,0.009889781396585487,0.020127221462597496,0.2103505155187287,0.04018843290959612,0.19507336205549972,0.0008202634604208526,0.08127877559183849,0.014366138516426681,0.02338286907687244,0.1800894980038273,0.18776828636709825,0.031010685033833824,0.08176093374745752,0.010579430257501169,0.052804453395483564,0.18487036985008415,0.03332620518706262,0.20747084684083567,0.08543266511053396,0.02331084756827331,0.1961059866391293,0.0888794080319282,0.06326048155188474,0.06957482420871783,0.040456093926261386,0.01156639132725433
SRR6870384,0.034307929171379564,0.0,0.0065664493205505004,0.009855174499467562,0.010396481573121034,0.019639679370317558,0.2028823502567736,0.04345897134766566,0.19395720360806776,0.0003691185571893837,0.07980383447397943,0.01404521295167076,0.0261556116217054,0.179242906013839,0.18969370906321398,0.028967685500944463,0.07000979321784521,0.01074022561202651,0.05397024505605255,0.1842344254365616,0.033260434219219766,0.20621162727477105,0.08405200077838032,0.012485039712762484,0.20261526500899135,0.08098758109052144,0.06149477508705325,0.06237933721815831,0.03824685104401634,0.010265679360145734
SRR6870385,0.041058901643068635,0.0,0.004243379078997586,0.015202651759093928,0.017341047310171134,0.02997978115452334,0.12857729590921235,0.04070571358853585,0.11159363606291088,0.020096454780310892,0.0739002963363843,0.012572730948673021,0.0,0.10653536934332117,0.10358836252856056,0.04358073943905767,0.04474747230811763,0.011258774486258843,0.07393686986916499,0.15726810429336516,0.044563557904085636,0.21782146862752905,0.07997548817839603,0.007505251793142121,0.13879021863890412,0.09190272427465712,0.09131494071867337,0.0464385660390726,0.07455934506789319,0.025322747219946592
SRR6870386,0.04063419097635124,0.0,0.004077959216595985,0.014121523128850082,0.017095762019989216,0.029688299261619183,0.13333749806716474,0.03925224811340439,0.1123277946086123,0.019501763771505767,0.07394893963310642,0.012912534487826343,0.0,0.10751013000476588,0.10299661843107387,0.04116960991873835,0.041928452920285665,0.010528673169687143,0.07357667948315044,0.15323640654578535,0.04564094416683777,0.2144946958197736,0.07953622699167498,0.010564264372337488,0.13777130330609932,0.09250303635375412,0.08993183062499918,0.048099063036894034,0.07407801035733519,0.0256802184686598
SRR6870387,0.043244062627902535,0.03172882837158693,0.005311416016677487,0.017629882543543446,0.015188915692909378,0.032761041693083866,0.19840570444479005,0.045192456382372334,0.12505214932056544,0.006172482539666914,0.04306186688888381,0.008646112274012378,0.01602880586628018,0.12970701368188636,0.11681541507996955,0.027816974546858803,0.07203223507759783,0.008470277376937417,0.07117162352675976,0.15848228353781002,0.0408043693018039,0.2090081858678315,0.03311458184004058,0.003944075726253944,0.13893955705614974,0.1495463879188074,0.048854543820320784,0.058117394923749975,0.035497950281942366,0.027552655808881662
SRR6870388,0.043922626508191585,0.03215842566095077,0.005689004833028967,0.017219693488858302,0.0157376560975083,0.03287031492276959,0.2051286481849957,0.04527572281857208,0.12506502929505142,0.006377548404772128,0.043768252797747986,0.008664990248409785,0.016685724139488385,0.1303839691058883,0.11754028941355675,0.028158287117985906,0.08116584347648059,0.008876678487170145,0.07127663705318824,0.1602951997017326,0.04113013082641652,0.2100532503134723,0.032858876747470414,0.006948687260949256,0.1363798898015879,0.1548074103615102,0.04833104111058717,0.05407685222905117,0.03549146056513044,0.02687651421081306
SRR6870389,0.030565147520771763,0.0,0.004113920056248507,0.013112504268320693,0.01616553084642501,0.01952476958479291,0.19626706931667795,0.044648813356836535,0.14206415743208714,0.010663424985471084,0.0472263960696453,0.015630962801052944,0.003436503716720417,0.15870683272384278,0.15497376999238385,0.03019884870393865,0.04328443692962256,0.014859944663150522,0.07534329894962627,0.2083741160372652,0.024433534228058527,0.12817764026141348,0.046951629465349545,0.0,0.2160259905370768,0.08812413886437356,0.10540569384695153,0.05380010272941427,0.0745969348561805,0.027266286881634755
SRR6870390,0.0291154020997515,0.0,0.0038190411710978273,0.012542359011755128,0.015449662309741768,0.01866173693226491,0.20385929047999446,0.04546540311725104,0.13952028296508887,0.009309990275776676,0.047667441452124495,0.01621618000737256,0.005282033490514716,0.15858033443432715,0.1568313175932978,0.029679566006438132,0.04321306935018377,0.013393241334282005,0.07453380110523393,0.2113195827597178,0.02342349094548784,0.1282168340975086,0.047356078289386816,0.0,0.21670937489154316,0.08825856653815252,0.10497329005494656,0.04450131954161427,0.07394172630428453,0.026996411602683887
SRR6870391,0.06868202952372804,0.0,0.003455836690607356,0.008269317320874253,0.014885004940182437,0.0503424387562224,0.3583376863663008,0.04131011860805524,0.12587392349517773,0.0038142250909569643,0.08882092836775103,0.011893123870366371,0.06386408908359216,0.1261126964273049,0.11225456207159178,0.027851105803971512,0.05660205978368415,0.012224450683677307,0.07268905638280336,0.16226415953965978,0.07765558396277637,0.19381226528771253,0.09738242303463207,0.06415180402232952,0.1837968156437023,0.09290242678477532,0.04991583786291433,0.17453705343700734,0.03117440823159052,0.025916420576534985
SRR6870392,0.06787689642151093,0.0,0.003668005644557235,0.0088134871244819,0.0150586638880425,0.049905525727559436,0.3463592029762783,0.04104392320584138,0.12651002462195288,0.004593475378356774,0.0893621016923117,0.01047727579056085,0.059293717055719675,0.1265962057141645,0.11710519421172888,0.02851910326460598,0.060458432169621275,0.01217343529007288,0.07310358550143357,0.16166466328356893,0.07714817894794544,0.19246870058637114,0.09782556482022373,0.06328557200605944,0.1855957726714314,0.09480425043134433,0.048839086344885284,0.15911878531323614,0.031247227911142633,0.025179497434943743
SRR6870393,0.023488432496818173,0.0,0.0034702210264683647,0.010475876274136804,0.012251233253431587,0.014866575927445294,0.2110983953812216,0.05541140210069323,0.1571355827210531,0.009309990275776676,0.05404288024255646,0.01404521295167076,0.0,0.160977968855331,0.16145346534653465,0.02477685471689097,0.044069480303449184,0.010898351806717698,0.05341437319767894,0.23521970265896905,0.019349240644510858,0.14439573608689368,0.05782337209348325,0.0,0.2421598744065041,0.06746392248647579,0.12206656237005464,0.01904036557501904,0.08541482923047677,0.014218667955326841
SRR6870394,0.02341701050755468,0.0,0.0033119933319972683,0.010086483517678706,0.0118970504071751,0.01489128083176056,0.19953195480643512,0.05512109479610493,0.1583551519924446,0.0074643974898297594,0.053927583642385486,0.014271748644439643,0.0,0.16133885089653774,0.16030891089108912,0.023009343187839912,0.04389106135485222,0.010849015400750886,0.053563160130545566,0.23898183590887656,0.0187744926494985,0.13841350249602025,0.05789819606782307,0.0,0.2403577519921869,0.06768558684185029,0.12154224861994326,0.012564427283515471,0.08451010370946735,0.01345235019300998
SRR6870395,0.028151920014409762,0.0,0.0036716017285224885,0.01050814639207532,0.012057100957511759,0.015464410626530763,0.19650277552926454,0.05021930578939636,0.15452540023725655,0.015010821325701603,0.06051289746601277,0.014592674209195562,0.0,0.15269873402282988,0.1535379741051028,0.02163434111558501,0.04328443692962256,0.007995855741898789,0.05521867889184113,0.22426323466766493,0.020980076670591458,0.1842872224645272,0.06678830899890156,0.0,0.2033975676943358,0.0703828319916961,0.1240378437165267,0.033984838555411886,0.0952754903750125,0.012537981524305087
SRR6870396,0.028002615617300417,0.0,0.003398299347163321,0.010277036572123057,0.012517386778208543,0.016430360392585715,0.1878343694216381,0.0534724836577563,0.15731584935984672,0.013944478827154494,0.06004275785738339,0.0138753111820941,0.0,0.15383597247051478,0.15611881188118812,0.02354081562002354,0.043427172088500124,0.007567929149132547,0.05414433061398639,0.2269858360941547,0.022310709050080105,0.18707531518899112,0.06568218761791322,0.0,0.20878166418164976,0.06760213610426041,0.12324991798950533,0.03868958004923928,0.09617005991062144,0.0120851410616821
SRR6870397,0.03540435842380302,0.0,0.002725831645661161,0.008158602928588898,0.01303593355080241,0.02605423981730204,0.3007624564309029,0.03884331024913382,0.22565826607875325,0.0,0.07021477118005279,0.014120724849260387,0.0,0.1790677545360481,0.2103221325209444,0.03280988987306098,0.04160729881281113,0.010589590285256986,0.05883002369482794,0.1950006796062688,0.0388152158826796,0.23688974021384784,0.07988536786287696,0.0,0.2428802259543386,0.061249535355358035,0.08516188747606715,0.08092155369383093,0.05940345427398211,0.017171684214112116
SRR6870398,0.03703829450227725,0.0,0.003009922278916084,0.008219398237198992,0.012872754284070864,0.026464469150770116,0.2987545230560108,0.0398383280871192,0.22665468846707476,0.0,0.06952120093743787,0.014007457002875949,0.001654612900643164,0.17842436583485624,0.20981373952779891,0.033631477990702645,0.0417500339716887,0.010003193090079021,0.05846741006886441,0.19536630018550594,0.03884138228160552,0.23948343151127985,0.07881469933176465,0.0,0.24302142480607206,0.06013892068282006,0.08534861759598854,0.08158575249295949,0.059727055153195464,0.017280150364589648
SRR6870399,0.025408496390632862,0.0,0.0035385466218081562,0.009810076013657193,0.011533997801818538,0.01582798846592778,0.16138033456990486,0.034518920931285266,0.15116123570793244,0.0035271328798096658,0.09204978072409846,0.004719493599351734,0.0,0.14064342847219047,0.13670866717440974,0.02384799693403793,0.0421782394483214,0.009752292065668392,0.05613441157559624,0.2121058758226463,0.02136922578950136,0.1668958199617029,0.09409808006428984,0.0,0.2268903886540788,0.06855694051786061,0.09743471745166153,0.04483341894117855,0.06094054791499095,0.017267478016987938
SRR6870400,0.024458127580456127,0.0,0.0038657902626461063,0.010285004502478243,0.011676855599926964,0.015099733458867294,0.1648401650475156,0.036631123579286516,0.1500946360100659,0.003137507736109761,0.09170010245873587,0.00487051739453099,0.0,0.14076878665974651,0.1368994973343488,0.023231196359072528,0.04239234218663775,0.010700403469339512,0.055439891620302495,0.21009439313438208,0.01964508322461516,0.16669452041951827,0.0946318696254412,0.0,0.22331700634467827,0.06627801551906437,0.0965583406152037,0.04793301333711189,0.060703841815428324,0.017186969416889436
SRR6870401,0.03587148792402064,0.0,0.004541854048113518,0.012246151200800968,0.014499626057639037,0.024363432967919284,0.260208139219077,0.03942296038221545,0.10523808420821312,0.0,0.11147056144531116,0.009212451505934586,0.006363895771704478,0.11324757380337352,0.0970752779893374,0.025652077667138333,0.053523882367486085,0.011547086799312715,0.07419148453708295,0.1462463333533292,0.03359603349846731,0.18667679226357567,0.12549144676449414,0.024159085392901083,0.1552735170983444,0.09395827857711854,0.05946538508292554,0.1167329389468464,0.03965052622121616,0.026776441857587176
SRR6870402,0.03642892582867652,0.0,0.004520277544322005,0.012607337483801695,0.014508040178429178,0.024879137851607155,0.2680418263332576,0.03737666360070432,0.10353162009884506,0.0,0.1103709003279316,0.008476210504435715,0.01507695865999621,0.11376443770105067,0.09714345773038842,0.026288381817596712,0.04955216843902163,0.01301602877836472,0.0744169427819349,0.14342919451850086,0.033851105177919595,0.18313116107506494,0.12680470923859447,0.03528200664529682,0.15557128953666766,0.0949403844460836,0.05891507033246739,0.09847688145379832,0.03999776821167299,0.027467509390846457
SRR8181357,0.029731588576792332,0.0,0.004473528452773726,0.013086210098148568,0.01664398144774456,0.022173910853512068,0.2703993315159144,0.04382354331156725,0.18302888978277207,0.004326889753719997,0.08254055636714043,0.007626701656552403,0.0,0.1585375938678423,0.1757358111195735,0.061420416147790285,0.05320453047161355,0.01630990116660796,0.06603538228868655,0.2252017747215323,0.028050582488888032,0.12803905085698106,0.08907628372000237,0.0,0.20359664790082305,0.08092721927905068,0.10047561793166383,0.08031270479462974,0.08391894950532555,0.020508202291297618
SRR8181358,0.02724564699745036,0.0,0.002236764226386863,0.0065964503428022755,0.008663142314464611,0.019744935054884064,0.24775115449523205,0.05038005180522598,0.2159643626477136,0.003855238263978007,0.05930665617735461,0.013894189156491508,0.0,0.1587098022917375,0.18976359482102054,0.014781272276740134,0.04142887986421417,0.0043139650055064324,0.047555405491305984,0.19858398908377686,0.027199667423041248,0.17962785922953695,0.06945533534308168,0.0,0.2255155934291549,0.06764842060280866,0.1003392438775516,0.04284082254379284,0.06022528841207544,0.010221881375264565
SRR8181359,0.033677199879742735,0.0,0.0012694176397340235,0.004102209264065618,0.0077044489344731066,0.026081942889616728,0.3344578114678161,0.04876937672661314,0.20858927865623386,0.00280940235194142,0.051814966937134936,0.013667653463722623,0.0,0.15402096064195694,0.18583311500380809,0.01833579891033524,0.04032268238291301,0.0028232822890955824,0.05217799740387642,0.19213760090634416,0.03729137811577283,0.18529497437820547,0.06185685902443627,0.0,0.2197734691088227,0.05380007730791013,0.11755307495940505,0.04749021413769284,0.08658449533328258,0.013904962030805105
SRR8181360,0.029855436175572955,0.0,0.003952096277812157,0.011056260321208784,0.012688646030969614,0.01749031271931599,0.2956735061343428,0.044833028290977295,0.14518021018952273,0.004285876580698954,0.06343692638887008,0.009476743147498282,0.0,0.1608266799766942,0.15334196496572733,0.0190135481587162,0.04970751907911312,0.010017572112411407,0.07466079826447942,0.22661869684169125,0.022880386037548682,0.12450784300015333,0.06906267901852496,0.0,0.2146966412195963,0.0550178181988622,0.10061509302251467,0.03149409305867975,0.07948327020538562,0.0221008355029013
SRR8181361,0.0408811988953399,0.0,0.0035385466218081562,0.010581889587512595,0.015422172131708997,0.033043149314043146,0.2854007913880393,0.03673496550551247,0.16353067556738274,0.007300344797745588,0.0651707114078446,0.011062492996880464,0.0,0.15891989922028954,0.18179022086824068,0.042620188346028536,0.04599640494829635,0.014788307857278991,0.06991291515358758,0.20340767491888387,0.0477029172542908,0.1882238513619231,0.07370485483640356,0.0,0.22846923826441395,0.07324996471340217,0.10632274197294254,0.0850727961883845,0.08689309400999559,0.02070246807360426
SRR8181362,0.021578045485305543,0.0,0.0048726937729167185,0.014391835166149875,0.012187838776575902,0.015397851296943516,0.19554931731594424,0.04032892492743121,0.2354282302644736,0.004142330475125306,0.057690121185739185,0.008513966453230529,0.0,0.1733670326261387,0.2106688804265042,0.02531564098988447,0.04767354306510778,0.010384280232852336,0.038386815434472095,0.18143551068044916,0.017069011392373417,0.12502771004211927,0.06455176539933717,0.005272716620774503,0.2303044841883853,0.08471636267402613,0.09776507328083772,0.06614313041322023,0.07266759261721388,0.015639244653616567
SRR8181363,0.029603892218005207,0.0,0.005131611818414877,0.011478959026551574,0.01304380090562063,0.01453807665364156,0.2998488733287344,0.03734162096925347,0.2178973658968064,0.0,0.055503007870905695,0.009420109224306064,0.0,0.1760281101418035,0.19036819497334348,0.021566078601359596,0.04242802597635715,0.011857355104550776,0.06125590012886015,0.2299426928658047,0.01977987060512891,0.22264920858238404,0.060961646308278924,0.0,0.21970032606873344,0.042687265188154216,0.09920259464221,0.04140172514568094,0.07713643689852387,0.015325767353922697
SRR8181364,0.026832894977896017,0.0,0.007102265831373078,0.01814214078607856,0.023787418119137812,0.02595028333886862,0.2570460429047335,0.05251700933966502,0.18396059427460226,0.006069949607114309,0.05188910837813822,0.0106094216113427,0.0,0.16216407260328364,0.1805913175932978,0.0949482813936865,0.04906521086416407,0.026504412745444853,0.05463884603685213,0.1823558266556006,0.03185683004117607,0.10894036485385246,0.05976453807027614,0.005383192588066922,0.2083523021008784,0.10698565857749072,0.10164826304730196,0.07223161940523211,0.08087295456452337,0.017871537472899386
SRR8181365,0.042959859192565335,0.0,0.005286243428920721,0.010522887063232421,0.016599875659342806,0.03831001105084749,0.2203485350548748,0.040824665640249766,0.18482662679775688,0.006603120856387863,0.0611580759896495,0.013516629668543369,0.002291002477813612,0.1630993008921298,0.18975902513328252,0.07011291595031659,0.048815424336128316,0.022308106027466603,0.06339944002995823,0.16301742145991574,0.052340201522853985,0.2336749050019801,0.06554896628192852,0.0,0.22878238543759374,0.07606548062105906,0.09435777338310514,0.08346764909049044,0.07143838125560767,0.019563295877727784
SRR8181366,0.04028312908147253,0.0,0.004175053483657794,0.011902813081795863,0.017603859487341895,0.03433118227438306,0.28388819550501165,0.02847133432374312,0.20341804840612435,0.0035476394663201873,0.07700387777494876,0.009892058584241236,0.0,0.16955254312336235,0.1993240517897944,0.057781780344881725,0.04214255565860201,0.015687384211738768,0.07171813198597056,0.21584408996923926,0.04582547813135603,0.14632313217070828,0.08323628382549436,0.0,0.22263554383206904,0.06194822865544757,0.1003625732154774,0.0728404683044333,0.09095755308008913,0.022040805155241646
SRR8181367,0.01754996075364439,0.0,0.003409087599059077,0.01275717441413103,0.01029077348521601,0.00807198769264029,0.17674022738560605,0.04941557571024823,0.25879504817454985,0.0,0.05259978590733992,0.014366138516426681,0.0,0.18535072386531684,0.21116362528560548,0.014140092232408506,0.0417500339716887,0.007787489070974382,0.023990424441333175,0.22822089709546156,0.011064938460534402,0.12272279892903627,0.058261992793012064,0.0,0.24338521816466135,0.09112964517332932,0.09953929566963596,0.03381878885562975,0.05312688673240188,0.0068281744304228825
SRR8181368,0.0285562047619498,0.0,0.0035781035454259306,0.006202834583255928,0.009346569403480451,0.013810201414527669,0.2400003190008892,0.03702366534994247,0.1681553814680065,0.002071165237562653,0.060970324999228616,0.014366138516426681,0.0,0.15753507304938166,0.15237629855293222,0.011360832724659249,0.04842290264921501,0.007317975245953392,0.060856608343029035,0.2317696567570708,0.022079775366536228,0.13794976102734255,0.06594181098507118,0.0,0.22871387742786564,0.047995531946195436,0.09593474598119953,0.024520005667829758,0.06370912853259203,0.014142209280750537
SRR8181369,0.0270431747299655,0.0,0.004491508872599987,0.009000255412007536,0.013142218780566688,0.019699282950146144,0.2332370570927411,0.04192706181680934,0.2314607740907069,0.0,0.06316883330599275,0.009608888968280131,0.0,0.1787494274633328,0.19158543792840824,0.057891487957029725,0.0430703341913062,0.011122905640507308,0.046306138060974965,0.220955944049041,0.027781413408464028,0.1718169980218087,0.06978835100732624,0.0,0.23629701319774024,0.08674584195368787,0.09534111213291598,0.05407685222905117,0.06340887377749432,0.010622203448857786
SRR8181370,0.0334933116248607,0.0,0.002779772905139944,0.006916322906911347,0.012494483359162456,0.02567876924484063,0.25405895402266765,0.030062719880456407,0.218338730289995,0.0012919149501628428,0.057539899675235325,0.011081370971277872,0.0,0.1679890656267876,0.20504542269611573,0.03732009170581197,0.043498539667938915,0.010071601073570526,0.04982503141342876,0.17234625142090865,0.03167057193409293,0.2416823624915616,0.06229498993964161,0.0,0.2363513900173429,0.08416062875251705,0.1070219064868536,0.08828309038417259,0.08278906452375656,0.018870366685155883
SRR8181371,0.02571197111714548,0.01884090969067154,0.004230720863439898,0.006761147463244036,0.009056601183037534,0.010360749167828491,0.27466862674990816,0.043124619634740034,0.22361008511542974,0.0,0.07526759177722582,0.010835957304111582,0.0,0.1717322059580933,0.17136402132520945,0.018703928897765183,0.04292759903242863,0.007914274163096773,0.041728036833867575,0.2448970681254029,0.01541251606812128,0.2146041250101512,0.08471765534969752,0.0,0.22173284340685584,0.05730804770652045,0.08657419502334174,0.030165695460422613,0.051306521166653865,0.005862267193379078
SRR8181372,0.03075777795909714,0.0,0.004070767048665482,0.011102354798313556,0.0146960972968832,0.023014017514737795,0.29215829355790995,0.03669092109717514,0.22218364119210893,0.0,0.06567450323939643,0.011572198305610452,0.0,0.17201670116800793,0.19952140137090632,0.06140456949270225,0.04232097460719897,0.015335614776176097,0.05885941274892902,0.22091569920854345,0.029738416639760745,0.13619732622785666,0.07204750003720478,0.0,0.2213585364428132,0.06015075842323218,0.09860077882776233,0.059888591721426174,0.08051694724226859,0.01561997484669644
SRR8181373,0.04411979298509607,0.00035349719810510766,0.0025568156992943087,0.013374649177006415,0.016052107283138415,0.03673875115349517,0.2599795219151396,0.011776253119678302,0.1856674294120419,0.010355826187813263,0.06475797592090217,0.01368653143812003,0.0,0.16150482853065382,0.20951341964965728,0.057386832941148935,0.03700408993900956,0.012945080787934259,0.08301977416140341,0.24141019439776634,0.05210931854938555,0.17725396696492654,0.06750682260143669,0.0,0.19137983836405587,0.049635218962737725,0.12351601079580618,0.059224392922297586,0.1194214931582582,0.024430914427131342
SRR8181374,0.022311096810829486,0.046028281003269236,0.004401606773468682,0.01802640659766944,0.01132288538488178,0.00844244133064932,0.07892613667327264,0.02869027039730307,0.2279691879207889,0.004142330475125306,0.060488361236634834,0.011440052484828605,0.0,0.16797808883117674,0.1964115765422696,0.047730125125188566,0.040001528275438486,0.01126041042293139,0.04892502071046255,0.2287930572334785,0.014026406866103649,0.1874866936926457,0.0599303489016304,0.0,0.1927418589931064,0.039643152914971586,0.09133521672811808,0.01666031987814166,0.05959165606152825,0.008950890635778539
SRR8181375,0.02514120000818136,0.0,0.004739638666202388,0.014260443994592803,0.01728843627331725,0.016657741453662153,0.17806895470054454,0.020440463372895068,0.19442342688205447,0.00561880470388284,0.05752248161614135,0.007532311784565369,0.0,0.1592657743380283,0.18097730388423455,0.07155618053679691,0.04114340954645903,0.01998951020185177,0.05956938328213737,0.2155669321054354,0.021881397551423442,0.1959124278010345,0.05308723303693218,0.0,0.18716761321146444,0.05442737090344195,0.11016218326726376,0.05817274482367736,0.09385390526505248,0.016140226972850183
SRR8181376,0.021234571145868224,0.0,0.0029451927675415448,0.016427043777124083,0.01572262003328043,0.013936264385010184,0.2231690345836839,0.03896965661757591,0.20688217849874305,0.002522310140794122,0.056593360611760124,0.008438454555640901,0.0,0.15187672050997025,0.16881273419649656,0.07155618053679691,0.03775344952311679,0.01401722202196348,0.0525837059290924,0.2591088121773294,0.015486857038713138,0.16024007949137062,0.058608722418313865,0.0,0.18643923514763872,0.05428985048667244,0.111676157111307,0.0365862838519988,0.08756212481588062,0.016138169349399392
SRR8181377,0.031241594583057232,0.0,0.003556527041634417,0.013565042872843665,0.014206984759111162,0.01828320822844409,0.1890731562080896,0.0243674885396128,0.1531885860952354,0.013431814164391459,0.0545887003560343,0.009099183659550144,0.0013364181120579402,0.1488476021733525,0.16560383853769992,0.046308802061137855,0.04139319607449478,0.010837176385357456,0.07563416528718077,0.1646891010137903,0.02425787452674188,0.2066299038935784,0.053057431544634714,0.0,0.19853112496369696,0.08771738983796107,0.1047315046058506,0.06636453001292973,0.08743199335149582,0.02464526653360049
SRR8181378,0.03534462017027354,0.0,0.004336877262094143,0.01064965683518348,0.011057764640274009,0.02183233956723084,0.11475613932718283,0.039155800503906615,0.14093109070539167,0.01060190522593952,0.05710498095075521,0.011307906664046756,0.0,0.15286858270080875,0.1625384310738766,0.02370659601171385,0.04164298260253052,0.01022296826674619,0.07242335296887895,0.13858348792161215,0.03166215406157025,0.23228242639319194,0.056294001705579716,0.0,0.19690829908969132,0.07278082759562855,0.07992218496949438,0.06608778051329284,0.06172314876508485,0.022460462357134385
SRR8181379,0.024167876093680138,0.0,0.0024561253482672466,0.005594483100637231,0.009505799804859223,0.015670384768091305,0.11169727524504364,0.04282016668075874,0.16623350906106205,0.010745451331513169,0.057300545649928536,0.013950823079683728,0.0,0.15532690766566112,0.16312725057121094,0.037305464024192235,0.041321828495056,0.008519011069393291,0.05411242139033838,0.14977383158976992,0.020821202004244737,0.1923777708866304,0.05644617392731111,0.0,0.21000259900848786,0.08322224787065978,0.09040092206703468,0.06868922580987974,0.061480374358892885,0.014244273936047824
SRR8181380,0.028233211323975643,0.0,0.0022547446462131237,0.007003292866738237,0.009224306456981106,0.01631766925138064,0.1794889517143418,0.02193218639979399,0.17085137744436607,0.01060190522593952,0.05508606955577068,0.010533909713753072,0.0,0.15582741242591822,0.17548801218583396,0.02273385518400161,0.04017994722403545,0.008223896703858827,0.06380439250431012,0.11891742897734825,0.02248621662117043,0.17708527669437304,0.054557188818826714,0.0031301524066185147,0.21140316952420055,0.0668301234660328,0.09777940961222156,0.0670287288120583,0.07198629877501539,0.019824548734599136
SRR8181381,0.02511849232414301,0.02080478301347769,0.003430664102850591,0.00790984414289989,0.01346866844169177,0.01674922555321796,0.2428762006285204,0.05381101476709349,0.16589762264823193,0.0,0.06268003254824059,0.01404521295167076,0.0,0.15750166541056596,0.13879128712871286,0.023769982632066027,0.05006435697630705,0.006022141197435903,0.05506364969286597,0.263591555873127,0.026681613292368383,0.19433401363381106,0.06566165435204452,0.0,0.2105382276390026,0.08134532613748023,0.08860265471644788,0.023911156768628563,0.05274483626086285,0.009477217650215577
SRR8181382,0.02782384071499844,0.0,0.00413549656004002,0.009095153462537841,0.010387702941682944,0.01690726898236102,0.1867116635143176,0.05205824021048727,0.1800820788300022,0.007341357970766631,0.061449965367363815,0.014139602823657798,0.003818337463022687,0.1630854075566223,0.1649516527037319,0.014430207917866544,0.048815424336128316,0.0073388980149759675,0.06285167148597398,0.18944195592962165,0.02337480927306752,0.15550452343901142,0.0635928807211283,0.0,0.2362447843190366,0.06827347462583007,0.0821016412976417,0.034759737154395225,0.057293369207701235,0.01748601069173806
SRR2443147,0.023766010566715616,0.0,0.0033695306754413035,0.009635379140619668,0.008730242649574439,0.012904055106167928,0.2150974259729638,0.04023086985777514,0.2537784836262927,0.0,0.10502454769836332,0.0031903776731617727,0.0,0.1857436613313872,0.21714102056359486,0.02172210720530341,0.04114340954645903,0.009245022544283622,0.043002234556793584,0.2268681389191147,0.016242437162736798,0.16250736452180228,0.1241472148508635,0.0,0.251930631457318,0.06875274314305553,0.0745818896019471,0.06570033121380117,0.05505631325340503,0.00839157632474942
SRR2443148,0.015224787378002556,0.0,0.008744705260822709,0.018319586595088626,0.010790487207665877,0.01139651627269673,0.11854914851130705,0.048489357167037936,0.24112192104342425,0.0,0.14022462488833462,0.004757249548146548,0.0,0.16857399096005202,0.18827466869763895,0.05305703918170799,0.04003721206515788,0.008915467406695536,0.03798451883110426,0.2294787381951632,0.01260652475384442,0.06270010413018373,0.17240792478570524,0.0,0.19543503773197335,0.0452986067352797,0.08908207499623581,0.03697373315149046,0.07864626530071894,0.004863437981122579
SRR2443149,0.03288977107355552,0.0,0.0032724364083794944,0.0073261534047305045,0.012093795029405226,0.02403395429256907,0.34061763002719925,0.03786983237726961,0.18165804706618302,0.0,0.052298144192375884,0.026599065925946377,0.0,0.1744862680684618,0.1818657121096725,0.047364433084695255,0.04517567778475033,0.013055937022981854,0.05050458543879767,0.19912995210863985,0.03341560705005952,0.19218901337199626,0.05972015607542602,0.0,0.2589350667291755,0.06667404659131998,0.09660872053514162,0.06813572681060592,0.06008428456497975,0.014272982682289844
SRR2443150,0.01737753630535314,0.0,0.0013665119067958328,0.005032385453730408,0.0057173191371826405,0.012299844303137013,0.3328419833525841,0.06189621787129195,0.18426828255398972,0.0,0.06123288337173964,0.014838087876361853,0.0,0.16709421815850994,0.17433029702970296,0.0003949474037327893,0.03864554426610159,0.0013877909099006586,0.03840232417014549,0.25658325860195497,0.017947005638503998,0.0640245422395107,0.07353554016335061,0.0,0.2742494331414393,0.04146221902496585,0.13986906564140986,0.028837297862165462,0.09096138791275073,0.008042172266390906
SRR2443151,0.019562862237044468,0.0,0.0023626271651706896,0.004998760787631509,0.007246076794678047,0.01158416161388745,0.30632459137979845,0.04802287222910037,0.2141311129458744,0.0,0.0710068563074499,0.028505741340084483,0.0,0.18574623318929606,0.2074180654988576,0.01703881114005225,0.042249607027760185,0.007953235286482431,0.022546968254451672,0.2739853554340786,0.020115976985130842,0.07954310647836485,0.08438641044416091,0.0,0.3414701479739095,0.05553649252763966,0.1194092839887462,0.07444561540232736,0.06691782994489345,0.0051518971925099775
SRR2443152,0.01736670479504913,0.01061719015142077,0.0010572486857841443,0.004856971466960917,0.006454147036122914,0.010258451675688087,0.31568106468319,0.04520306561941709,0.17617997660084966,0.005393232252267106,0.06853748756262529,0.016537105572128476,0.0,0.15257793624311214,0.15038824067022086,0.01327218312297102,0.03361412991566731,0.0029231605280510826,0.03759156624097966,0.2595499867495761,0.011574371878382835,0.0745344477760947,0.08323067014363301,0.0,0.2785819429843785,0.03049743198351632,0.1622402547773618,0.02202926017109761,0.12599936898039255,0.007615166409316762
SRR2443153,0.04287312463670455,0.0,0.003286820744240503,0.016607836116883323,0.019004795410956742,0.034472795742889265,0.21888777681634453,0.033702331170870764,0.16459891838956645,0.01673337459258539,0.046027731710686484,0.006305243448733918,0.0,0.1568588600173534,0.1635487585681645,0.069123109494048,0.040536785121229366,0.01402260339259686,0.06719789772884452,0.1837423753112331,0.04294088620015054,0.23480274682945385,0.04394913853530752,0.0,0.1861949351327501,0.08929532864100234,0.09945218039141,0.04798836323703927,0.09514898303819802,0.02523854796191254
SRR2443154,0.027088315186613175,0.0,0.002391395836892707,0.01088985009574066,0.008826564588294792,0.01795860657303961,0.20975814858972808,0.04897770356312833,0.14177809478887365,0.005823870568988053,0.05197238061137684,0.014271748644439643,0.0,0.14220017141300392,0.1384793907083016,0.03263435769362418,0.04096499059786207,0.0038095368478160865,0.05904390854568362,0.2314241585980824,0.023709800031409826,0.15779438411903388,0.05231039742418657,0.0,0.19686534027171,0.06746605541267618,0.12157573981672015,0.0,0.09463052209055356,0.015665013937786024
SRR2443155,0.03135799208211098,0.0,0.0020066148526107232,0.011929545488137523,0.011844257114997245,0.021191451175673615,0.2992826467503778,0.05107351011751498,0.10893845317442873,0.01423157103830179,0.04554908285483617,0.00930684137792162,0.0,0.13103369465285553,0.12197934501142425,0.01700224193600292,0.03514853287360117,0.0029629826707380826,0.059095339390360525,0.21357709051064627,0.03167615004239109,0.13241182876244365,0.04997446528267431,0.0,0.19994345262959404,0.05340313974201938,0.1472566416096537,0.006808037691067854,0.12798846718325094,0.01867815852630004
SRR2443156,0.027218485748261623,0.0,0.0032760324923447465,0.009148339397658729,0.014006169767978948,0.013621476732857156,0.21601322435908515,0.03898508823509555,0.13213316706328684,0.01999392184775828,0.05772998885880563,0.010269618072189374,0.0,0.12590779624256862,0.1143883015993907,0.029455274888268893,0.03985879311656092,0.006706694592966686,0.05858506321486669,0.19916222391469915,0.01937327722026839,0.1942556259616208,0.0605891088167018,0.0,0.18502340294659053,0.03929351298757427,0.12217788958897048,0.002933544696151189,0.10003729901526133,0.012891108901288846
SRR2443157,0.043223444270724866,0.0,0.004160669147796786,0.015408861796686225,0.016506439429918713,0.032115036428140946,0.17563923126102382,0.04995021695889757,0.09756734384766816,0.011463181859381414,0.06338348831632261,0.011855367921571556,0.0,0.11688704439835428,0.09794985529322164,0.02987216381443128,0.0462461914763321,0.01031505428102456,0.0835399759277282,0.15203285801392472,0.04592943378600358,0.1885126315462721,0.06294335135676851,0.00512206757446666,0.13865715935268294,0.10836859460266224,0.06615119643722367,0.052637754830939264,0.058006521659703776,0.030728581274836214
SRR2443158,0.035419561025828696,0.0,0.00469288957465411,0.01319047046684622,0.01247492128772256,0.023993558975723472,0.17224098567730314,0.04092111324974755,0.12931510285136666,0.0076284501819139285,0.06605423764581242,0.009948692507433457,0.0,0.1333217997437422,0.12643418126428027,0.021675786213507596,0.049921621817429485,0.013486016164001446,0.07113151405912446,0.19666210811586565,0.03507676770125193,0.19633258572397444,0.07166607107637075,0.0,0.1837651617778213,0.0808263851929277,0.09313765855123762,0.026567951965142847,0.06390516854953439,0.021598579416769573
SRR2443159,0.03195779383798128,0.0,0.004962595872048024,0.011450951751353085,0.011375374918186344,0.02327743655516733,0.1444480332044481,0.0516476948860584,0.15123337416585605,0.0,0.1024544886612061,0.008457332530038308,0.02183021536655013,0.15585716113286366,0.14693861386138612,0.018308981494032397,0.0593735007852236,0.010762052451315493,0.06742998595819688,0.1842796059650447,0.031002821660727587,0.2600755594449777,0.10316794384208297,0.0,0.18683230833216802,0.10487758096734497,0.04233542511778692,0.0568996971253476,0.023035629093130762,0.014903627939613128
SRR2443160,0.026984783542438297,0.0,0.004757619086028649,0.009300168310576859,0.010135704580401313,0.015289497505444276,0.07590759075907591,0.059399832245457876,0.1351406146037603,0.0,0.08744460572550987,0.007739969502936843,0.04639964307440489,0.14324986063579245,0.1188615993907083,0.021112620471147876,0.08631656423496659,0.013327244204834254,0.07274316248438391,0.16805675889316055,0.021754622362828862,0.17101963862028918,0.0931876840341048,0.0004624088782504624,0.1879678907706484,0.07542091032330417,0.03611801343579032,0.06348633521670592,0.020572992268092397,0.013032497026979069
SRR2443161,0.03873460798399971,0.0,0.0044663362848432215,0.013899138192636749,0.012714283279875315,0.026730506591252482,0.2329375507023115,0.04634018293539585,0.13365051286415278,0.006069949607114309,0.06453895529678072,0.007966505195705728,0.0,0.1451365702949086,0.14081175932977913,0.03197367407379958,0.04278486387355106,0.013172906495068965,0.07367318259087814,0.19646581960136347,0.03956146535282271,0.1640813889793831,0.06724896999298667,0.0,0.20814519537839996,0.06660046063740686,0.09930857853628394,0.04367107104270356,0.07512862808355839,0.022996130328824232
SRR2443162,0.04361840952082058,0.0,0.005092054894797103,0.015278865012941312,0.01535756261936015,0.031058122244983426,0.1769528946450827,0.04592417224642879,0.1064844735087812,0.007423384316808715,0.06850646950666862,0.012799266641441905,0.0,0.12764820165487126,0.10697389185072352,0.030813211331967436,0.062387159026070435,0.011023544013132613,0.08363345483199959,0.17985647019338025,0.04808420631150784,0.18830255258480214,0.0661784521647431,0.0,0.16928996195996668,0.08304660139805847,0.06996325319173012,0.0513647071326095,0.054552433098078286,0.027984364805271902
SRR2443163,0.02525108210636697,0.005277909555041539,0.003455836690607356,0.009093161479949041,0.009252859791070394,0.012965037843276244,0.21647932010277146,0.02647486880713918,0.1704015854135508,0.0,0.07233465404249548,0.021955084224184268,0.0,0.16355515607796972,0.17565380045696874,0.01709000802572131,0.04299896661186742,0.009937540368351806,0.05606495182569903,0.2144150184632697,0.017540615093945233,0.19607014379748136,0.07559930292388055,0.0,0.2464055622173126,0.061791725195494675,0.10100131522124324,0.0322136417577357,0.058158608594601674,0.014313481937511804
SRR2443164,0.02286221175261754,0.001534276033442308,0.003761503827653792,0.0063037484212044,0.009641974907755264,0.01025381450918231,0.1998062069598019,0.03724099396334412,0.1890728840653355,0.0,0.07326976851665841,0.004417446008993223,0.0,0.16077073543867745,0.14531838537699926,0.02002285819047777,0.04314170177074498,0.012098957120506926,0.037411645521248704,0.2846225223795483,0.015299229759593169,0.15069591007617086,0.08188342417262713,0.0,0.3081009817107355,0.030812571829622493,0.06729927180024056,0.0655896314139464,0.03199362962655177,0.003073795489277871
SRR2443165,0.031821437769179534,0.0,0.0043476655139899,0.013386202676021442,0.012892316355510759,0.02337875464576125,0.1290407333121552,0.10652638469029226,0.1363939474296686,0.0006562107683366821,0.07759171137166179,0.007022606475835381,0.005906790139930435,0.14618631254569522,0.11970626047220105,0.014895855782761374,0.06026018889340243,0.007129282866064617,0.057710099120013014,0.13881470592031978,0.03271895203369461,0.21381335017309566,0.08038140635540371,0.024168710193081862,0.15827893861422315,0.1513264748024897,0.041398768897956434,0.053246603730140465,0.028865881110326487,0.02019286333229113
SRR2443166,0.04633717358941297,0.0,0.005376145528052025,0.013019956757245169,0.015867330760515927,0.03241033598829771,0.20077339993363008,0.0280083857981538,0.12248797431764888,0.0,0.056145818604011376,0.01268599879505746,0.045841946832045836,0.12662560973912212,0.120804569687738,0.03304637072591333,0.05587576850808238,0.015939404561241138,0.08398850794932232,0.13415465712534902,0.04876235215033793,0.1993828068242426,0.05251546635285306,0.019685227187131223,0.17395042846333708,0.0919889478163075,0.056422647835008825,0.12526457252165288,0.04227763944052067,0.03009787069613353
SRR2443167,0.027201111345946563,0.0,0.005063286223075086,0.0058624445984822434,0.008174667670326484,0.017389094567655382,0.07583005582072505,0.050305144161849384,0.15326210265742496,0.0,0.07699348909399381,0.01831163516548473,0.04603560086466868,0.16436423075928802,0.1419298705255141,0.0239650183869958,0.07243340738020068,0.016270423431641503,0.06481817916936028,0.19737360652239774,0.02195695556382581,0.2819140513665009,0.0780020717876883,0.0,0.2225036150410579,0.07214185622914965,0.03312620475277295,0.051309357232682117,0.013626213972115879,0.008946252817841829
SRR2443168,0.023740636241815608,0.0,0.00247770185205876,0.006195464247677378,0.00972724002348785,0.013769466305308805,0.3261296729753523,0.04033889118041265,0.16532406625352866,0.001825086199436397,0.0493669083070897,0.02843022944249485,0.0,0.1607735459225778,0.17089041888804266,0.02502064941055319,0.041999820499724436,0.007304328090027145,0.046251683012841764,0.22408820757833128,0.022257463470870386,0.14873809957554646,0.05498307512594521,0.0,0.2626902326683497,0.054856942240198533,0.13612344263549575,0.057065746825129736,0.08828762458623314,0.011030396748667534
SRR2443169,0.04639696682522825,0.0,0.0029703653552983107,0.014979230991934425,0.014744880971933622,0.03574583786323205,0.22267148180786664,0.0386825642333042,0.10938808619321327,0.0190506188682743,0.048323985370310234,0.008589478350820157,0.0,0.12164126956981698,0.1103776389946687,0.02610553579735005,0.0399658444857191,0.01021849096637922,0.0796755673303908,0.17347614430129266,0.046572437542555266,0.2239761550972211,0.04893668765266907,0.0,0.16852699074271388,0.07615037108383417,0.1066640945554764,0.03033174516020475,0.102291169235843,0.030559660187732988
SRR2443170,0.0234141239375498,0.0,0.001992230516749714,0.009900631542143918,0.012926944867065852,0.015525173497985791,0.2496080055045376,0.04659480462446998,0.1554004964461606,0.01593361771867506,0.04003560860984872,0.008683868222807192,0.0,0.14222938983996813,0.14203290175171362,0.05328864414068709,0.03989447690628031,0.0038893963880154213,0.04071062500185378,0.22931851816978616,0.0154732667384958,0.13021666039042706,0.04371958039046737,0.0,0.2161354224734082,0.07865314668736031,0.13485826735440345,0.01865291627552737,0.10835500891725017,0.013967735876399148
SRR2443171,0.032003484117487026,0.0,0.002222379890525855,0.009675417990654495,0.012157948903444135,0.02262813330542505,0.3154395987323259,0.03842086971953357,0.1502055203994679,0.014272584211322837,0.04873806753811717,0.005002663215312839,0.0,0.14546958612310318,0.1440600761614623,0.02783404017541516,0.03786050089227497,0.008398640571065886,0.066721178580164,0.1988478585568504,0.0302356796395041,0.10574591043675416,0.05528602556787195,0.0,0.2259022227909869,0.054879551257922564,0.1213040651442898,0.028283798862891656,0.10423420730574393,0.024447179450599515
SRR2443172,0.018189542193296163,0.012826547639577694,0.0005645851825445942,0.005236842546644563,0.007010025774244158,0.011641766415049748,0.27250119293040864,0.026503803089988516,0.18342763895173544,0.0005126646627630328,0.06298516675423793,0.00783435937492388,0.0,0.15311410233210507,0.15847811119573496,0.051945335378608286,0.0327577189624019,0.008114331997763244,0.032551905654312485,0.3192160001336433,0.011587252237544044,0.07382895872638219,0.08105900412907023,0.0,0.3070382031637813,0.026359075246383642,0.1427035324911363,0.03913237924865832,0.09364842566002,0.00721706526262281
SRR2443173,0.015352208825360644,0.0,1.798041982626096e-05,0.004537576978673157,0.004732229111102207,0.009548065749904178,0.2914604791127522,0.04784412265949782,0.20635076029217292,0.0005536778357840754,0.053879946656639074,0.016876909111281802,0.0,0.18445378179111346,0.19928079207920796,0.002018620063523145,0.03764639815395861,0.002178378832391529,0.0193235550884152,0.305772704734236,0.014131579562561704,0.08079480082789924,0.06609334271961034,0.0,0.319690592504975,0.026615026390429262,0.17960400905846227,0.03702908305141784,0.1261315232136538,0.005937909350713001
SRR2443174,0.05051373798389635,0.0,0.005225110001511434,0.01828424882396336,0.020406794490628117,0.04021666600840223,0.16250747104513108,0.00260408545643992,0.07608423545717045,0.03302503731173415,0.04940790068065838,0.01091146920170121,0.0,0.08224205027451932,0.0836435034272658,0.050268027886212235,0.03868122805582098,0.013240152102503658,0.09978799364475276,0.1025085444352396,0.05046296524022098,0.21110709417839846,0.05483421836732656,0.0,0.10778638750368684,0.08230823567064185,0.11931191143515407,0.040460776846915465,0.12569679646929066,0.04137537822303443
SRR2443175,0.0339118367844248,0.0,0.0039161354381596365,0.013367677237945626,0.015927809152188024,0.019717531799369317,0.2363703547156971,0.014756484253159544,0.15242230711933435,0.016487295554459137,0.050891573026100666,0.01374316536131225,0.0,0.13749107306794145,0.15982233054074638,0.04475582986250955,0.0399301606959997,0.01267131970107304,0.07995935780729431,0.15899103906862808,0.02993973563924893,0.1946619876542552,0.05204534875375321,0.0,0.16708922693459102,0.06213635274632112,0.12041762186549593,0.0681910767105333,0.10096448569900296,0.028162398224800062
SRR2443176,0.03575093926238845,0.0,0.0033479541716497896,0.012869840949353405,0.017851149586087533,0.02795905589848379,0.2455934679251252,0.0439817173911436,0.1729086750974492,0.009248470516245113,0.055411019208774684,0.009080305685152735,0.0,0.14057215884271698,0.15949678598629094,0.06409362496379649,0.0421782394483214,0.011371094454118713,0.06040210545820065,0.1651268585712778,0.03290323244783569,0.17525382712131934,0.05819820780380897,0.007231154222776462,0.15584882611073134,0.12605439207097482,0.09515962992132143,0.0859030446872952,0.07839620049836811,0.02726759330922256
SRR2443177,0.04137312540645655,0.0,0.005850828611465316,0.019251475889779775,0.020843842757518192,0.0299418843110106,0.19517404821432607,0.01802605821513411,0.1845128960612031,0.010827477677555255,0.059330704049935526,0.011930879819161185,0.0026728362241158804,0.14301242777420944,0.17869605483625287,0.0760127475369422,0.04285623145298985,0.02223405836755132,0.0700550721019538,0.1352826516642001,0.043575877764783034,0.18263763229095495,0.06303019388489202,0.00850162784663927,0.16330557251612396,0.09335434052348088,0.08127717104536235,0.08714841743566128,0.06467972046514077,0.027632217248979
SRR2443178,0.02316763835027631,0.0,0.005685408749063715,0.02272613095907069,0.020814408522696358,0.015626991283246284,0.10983422144067004,0.036495453941926326,0.2059868877619412,0.003875744850488529,0.08061270131676533,0.007249142168604264,0.0,0.1779042142012956,0.19104018278750956,0.06975209980369651,0.04781627822398535,0.01907420363356172,0.05794362190741514,0.1908174942043633,0.01610612847995991,0.16354960701124424,0.0882699103449796,0.0,0.17257506799080816,0.09568904154241704,0.06750355855892819,0.006088488992011903,0.05985478457953946,0.012472333538017877
SRR2443179,0.0207889122282583,0.0,0.008978666483602021,0.016882570355530247,0.013344127303642749,0.011454161049432357,0.02750673778614269,0.04565765535218327,0.2427146385468378,0.0,0.08161122818108774,0.0074001659637835185,0.023482775397589518,0.20451668625388347,0.22174866717440972,0.05514635970639317,0.043248753139903166,0.01869811040273618,0.05845252168261795,0.18042976933631705,0.015446288978362872,0.19737733661892648,0.08593002225316236,0.0,0.17579935337934974,0.06871797644598933,0.03851792962192351,0.0403500770470607,0.025774668856932043,0.0056552310814016425
SRR2443180,0.020161206962340875,0.0,0.002984749691159319,0.00978700885527892,0.009558350089938446,0.014771534001863504,0.1860107476716258,0.052507686070746885,0.2696794216753645,0.0,0.07225144100402013,0.0228612269952598,0.0,0.25397621826854305,0.2882100837776085,0.01835530248582821,0.04246370976607654,0.005389894724461554,0.03183187382883602,0.27898179034867976,0.02098301785496685,0.14438162630589946,0.07984837030859615,0.0,0.28728709525021306,0.060486374360862,0.08820906159193295,0.03033174516020475,0.055584888045431734,0.00536980931415589
SRR2443181,0.032002824330057335,0.0,0.0013237904292886368,0.011996276904862234,0.010491649228122884,0.02398958140617757,0.3675528245534985,0.01924129809480607,0.2800753102178958,0.003937264610020092,0.04648814857944777,0.006701680911079463,0.0,0.1988700794160557,0.2508749428789033,0.016127018985755564,0.02251647131293638,0.0014373425706928056,0.03474784569606705,0.23642287152252306,0.035847256587454315,0.12833661046061534,0.059793322318209476,0.0,0.25768858271059064,0.029753787263753762,0.15852192089474734,0.03691838325156308,0.14586957548697424,0.01010982254892057
SRR2443182,0.03904883174738763,0.0,0.0036751978124877397,0.018079114456969008,0.015737048579761718,0.026595988787011585,0.1822270426801037,0.04533101944801747,0.1785997156758883,0.01339080099137042,0.05406152659298843,0.006210853576746883,0.0,0.14968369461971304,0.16856438690022849,0.0296429968023888,0.03943058763992822,0.010024115859101596,0.07587563630161552,0.16552171361012166,0.03784016255216102,0.16515185103081356,0.057969026416140726,0.0,0.15668041838723326,0.06895841055192717,0.09731487430877893,0.0296121964611488,0.09810989526313464,0.02867099048473265
SRR2443183,0.039743203034846235,0.0,0.004131900476074768,0.020352404826956272,0.0190310098017217,0.030521909892179483,0.16615028397724993,0.0247966804018779,0.1419214706365469,0.02291775095242841,0.04824562630242353,0.010779323380919359,0.0,0.10440401501487767,0.1158336024371668,0.028923802456085262,0.041179093336178425,0.009520807026502992,0.08219317793593113,0.13410454090888035,0.04238266968973091,0.21165518078235288,0.04628563581257762,0.008750198773047212,0.11402174688415735,0.08881414049019656,0.08510585412761347,0.03249039125737261,0.09316089621977787,0.03309667724187138
SRR2443184,0.029140721442365694,0.0,0.0045634305519050315,0.010814712512491224,0.01140146780540198,0.01716840941511099,0.1310668320154609,0.049078973553101,0.20009278882030934,0.0,0.06015928274889234,0.009136939608344958,0.03616540380971541,0.16632449025179682,0.18125599390708305,0.021653844691077992,0.05691564460243032,0.010488420517349474,0.06771381520693956,0.21414089794591853,0.027317111957755262,0.20791922432576407,0.05953467851969847,0.00238318421867546,0.2089996236581446,0.05566009560095169,0.048272693911643925,0.0545750013283976,0.029395214440681862,0.012986086186922288
SRR2443185,0.02549921716221468,0.0,0.004354857681920404,0.010502847718389118,0.012157705896345504,0.015860128826881623,0.21461715241197898,0.04546765356147265,0.22425954325278294,0.0,0.0710315997184993,0.007305776091796484,0.0,0.1946387898480549,0.21420886519421173,0.02118819682618316,0.05245517088750632,0.012138348753543256,0.06147118076592644,0.2327309769093329,0.021485858963008368,0.1280572367969292,0.07406360301548905,0.0,0.2526651141952779,0.07412009195684728,0.06592358034061024,0.05889229352273331,0.0388651862049354,0.01452051804948924
SRR2443186,0.014593893139508313,0.0,0.0,0.008806674544028214,0.006406213885917706,0.011759474490707198,0.38088218809798813,0.018551054702833664,0.2949599493748097,0.004388409513251561,0.042345018305610584,0.02002953083564876,0.0,0.20373804964348613,0.28173233815689264,0.02124670755266209,0.03343571096707035,0.002785397439836599,0.012986724464105816,0.2472813850907293,0.01387417521963928,0.07642014161830409,0.056917158067906336,0.0,0.3108194835423073,0.03107374864285905,0.1868179508234732,0.0737260667032714,0.14907418922050453,0.006432130907179724
SRR2443187,0.017726701311371502,0.0,0.001032076098027379,0.009108977821704093,0.008830240070661605,0.012666360347173463,0.4050983431005203,0.038155317301383024,0.30847883420011674,0.0,0.047135458114562434,0.010628299585740106,0.0,0.2135577743353769,0.28647079969535416,0.06280882692819661,0.03158015390166196,0.007232432978365211,0.02307736701448173,0.2402662537900389,0.015682395089601408,0.07334640421637882,0.061050937758019785,0.0,0.31137353924474553,0.030476209367822537,0.1703967447320065,0.06686267911227617,0.13383115080083316,0.0073136429220513124
SRR2443188,0.033731879762977965,0.0,0.004865501604986215,0.02317607998622823,0.02462813155274337,0.02860809930699945,0.23481744066472696,0.025429698212214958,0.2013737897395579,0.019091632041295343,0.033572147206425235,0.007154752296617229,0.0,0.1408185269219832,0.17270623000761615,0.09029667863861142,0.03654020067265746,0.0194305364714215,0.06080225022449379,0.16346239271522828,0.033993296229447266,0.1499778789989079,0.03486224533334439,0.0,0.15394235898852784,0.05887798803631029,0.11994700375921985,0.04942746063515117,0.11880033454911575,0.02341565688795819
SRR2443189,0.035327383223672994,0.0,0.004671313070862597,0.013204932260440887,0.01476930318534616,0.02552412373943026,0.20444589767071752,0.043828044200010484,0.21925999299180976,0.0,0.04932524999243417,0.011440052484828605,0.007382119095177194,0.1637618592146421,0.1896622086824067,0.0364765620657407,0.04863700538753137,0.015260318638273866,0.059750156982330375,0.16271748349771706,0.03303766485782137,0.2357067134651521,0.04919084804083445,0.017494120502498264,0.2046036930339224,0.0885237425880148,0.05755323812164575,0.08195881081847002,0.038925953553265336,0.01809176850351365
SRR2443190,0.03510968086301955,0.0,0.004944615452221763,0.02205387667500338,0.01899999602075876,0.02310851977007969,0.1322644145203888,0.02732778716713117,0.18255386784308714,0.01784524171318586,0.04605167599243165,0.007607823682154995,0.0,0.14278122570240556,0.1611706321401371,0.06282589255675297,0.04057246891094876,0.01299041345414984,0.07265726347467291,0.16818053076110587,0.03237970162901553,0.18841543083275614,0.042638475685693344,0.0,0.1476620058986979,0.07589847249956927,0.09012113699082648,0.020258063373421425,0.09054166337088787,0.02347340098733918
SRR2443191,0.028002725581872032,0.0,0.0009457700828613264,0.007484794898102322,0.010598147089098462,0.021411276853391503,0.3695013883184533,0.02124644389626481,0.23954335561074214,0.010068733976665963,0.05227291242452945,0.009287963403524214,0.0,0.17796198820524753,0.20894300076161465,0.031096013176615606,0.031829940429697716,0.005171798535431999,0.03072022704168676,0.21532166637938432,0.021638293449774484,0.11496586843977492,0.060539376870010674,0.0,0.2453763593780965,0.05801777889969696,0.1493607904533105,0.04577436723994403,0.13561809853910153,0.014455098688029891
SRR2443192,0.0220869065404508,0.0,0.004056382712804472,0.01362679433309638,0.014057687272888985,0.013056461979472064,0.1910895076620026,0.029426165657771088,0.249247647827787,0.0013329281231838851,0.06112948491898716,0.0066261690134898354,0.0,0.17131967464671755,0.20731265803503424,0.04688903343205393,0.04096499059786207,0.0102917637089233,0.041728657183294514,0.1949904285619911,0.013828637571896113,0.1509931561291164,0.06671951313931218,0.0,0.19956032780291308,0.08116658692188836,0.09380426217939336,0.05817274482367736,0.07603158368180092,0.009929796827321006
SRR2443193,0.042153131604059806,0.0,0.005706985252855228,0.017203996666058582,0.019883934342033525,0.03622364590340718,0.3143244247904452,0.019212363811956738,0.2008444386893868,0.005290699319714499,0.051509891925900886,0.010212984148997151,0.0,0.1403560167223792,0.17618985529322162,0.0711271018759514,0.04067952028010693,0.020945155524409616,0.05253409736085712,0.19106124125718807,0.04896843789691727,0.1677467965310006,0.057702922825626037,0.003114250562841576,0.19821571680009714,0.07042602374725379,0.11203814351521693,0.0833015993907083,0.08961026258532029,0.018121097802859882
SRR2443194,0.03093003746053096,0.0,0.004340473346059396,0.014755650866167813,0.011095461116449335,0.017160054520285926,0.1714731682592343,0.04828971061537754,0.1868325105609165,0.0015995137478206625,0.06448180275283767,0.0,0.0,0.14723647902046685,0.16528645849200305,0.020408053806464068,0.0547746172192668,0.01162333005844642,0.08389245071774526,0.1805611345703939,0.023760003006093273,0.13436587665480296,0.06441617049316949,0.0,0.18116445754713514,0.06157773937444154,0.08159092440092264,0.04804371313696665,0.06615056842544595,0.02881005970145452
SRR2443195,0.041407461843943116,0.0,0.00587211742853961,0.018761806729801624,0.023331324170892436,0.03838652429819283,0.10531681440395348,0.03372612158121355,0.20127769346901014,0.0072593316247245455,0.05549815390031705,0.00185004149094588,0.0,0.1615714582102918,0.17983957349581112,0.11415564633386414,0.04214255565860201,0.019739297992882213,0.06273392141037372,0.16512647890297122,0.05241880213978263,0.2568867489402771,0.05491303596768855,0.0,0.15591699497189646,0.120333137477385,0.04955387531313315,0.05186285623195593,0.052596120607425696,0.020105789933563916
SRR2443196,0.030994751610925988,0.0,0.005081266642901347,0.01492815655835766,0.014559010917367287,0.02253896778912214,0.10601418579232068,0.04155991791665448,0.2833372830154957,0.0,0.0666441282605493,0.008778258094794227,0.003309225801286328,0.23281969088654195,0.26161267326732673,0.05896906050301672,0.043248753139903166,0.01904389575415454,0.0506312724233297,0.2105667005077684,0.032167682803609966,0.20040999888062405,0.0663761743285575,0.0,0.24505462044132045,0.06450128799414767,0.033381133826814825,0.06835712641031545,0.019869068699088645,0.006888564045669181
SRR2443197,0.03896850262782337,0.0,0.005034517551353068,0.012466225437211294,0.012347707071588585,0.028330069194519383,0.125555205540691,0.05236558659275351,0.2192995869874519,0.0,0.07492467651356755,0.008042017093295356,0.0099796834338213,0.1930983530166634,0.195094105102818,0.02947477846376187,0.08105014149163288,0.01278325221024731,0.06610115871386132,0.19975108945820572,0.0399839817013707,0.19587197976218435,0.07605167526018379,0.0025254638735217557,0.1968135635910904,0.09440805938962372,0.031373331809213534,0.0536894029295595,0.017305883404483528,0.018236651323001254
SRR2443198,0.03496232833705637,0.0,0.004376434185711917,0.018144053089363805,0.014986703410960029,0.021050717169780582,0.14419194637949498,0.03475618205064978,0.22169653433809147,0.004183343648146347,0.07298088327318035,0.004983785240915432,0.001972807689228388,0.17916519348259388,0.20645453160700689,0.02248762254340277,0.041999820499724436,0.011609855106380441,0.07811924631964617,0.17736774444374415,0.031712458456404566,0.1856044489080127,0.07239087652367665,0.0,0.18817488444360586,0.04887189799877666,0.05144617563928588,0.0226381090702988,0.04401300657243963,0.0215245702939204
SRR2443199,0.016040147185379813,0.0,0.0034270680188853387,0.015928410695496338,0.015640392506280746,0.01903696765128636,0.2590021386351281,0.05640481247852031,0.3016739143466856,0.0,0.0744421947967951,0.0138753111820941,0.0,0.21955293420484848,0.2725924143183549,0.09591443976466986,0.04153593123337235,0.01993905447079321,0.024400824359090356,0.2581672347770094,0.024046312092015257,0.04313454115148982,0.0827005728027663,0.0,0.3164821340493739,0.05140176176504762,0.09357130275793804,0.0661984803131476,0.05877117043601921,0.005395480616256264
SRR2443200,0.018448453777162074,0.0,0.0037488456120961045,0.012295114132833606,0.009654611276884141,0.012142620373247131,0.2358072295348745,0.0700296447802393,0.3240926495257705,0.0,0.06182711000288649,0.010326251995381595,0.0,0.2316724036332133,0.2690315917745621,0.0394362296468,0.040144263434316055,0.006625543523815342,0.016867998811488042,0.279455996063599,0.01850238238469911,0.13058602310178766,0.06852983135030337,0.0,0.3118406598655321,0.04657942891860802,0.07692465129557498,0.037803981650401185,0.048251381624889386,0.0011672603890142894
SRR2443201,0.026805486308421157,0.0,0.004746830834132893,0.010649059240406841,0.011859293179225116,0.012504099495044548,0.1754952378040865,0.02346570339080861,0.1954600263101306,0.0,0.06783191558175615,0.012534974999878207,0.0,0.15965900345808834,0.1807376694592536,0.03774917036665747,0.04371264240625526,0.013842047645105751,0.05998619993927942,0.21490365157383906,0.017540615093945233,0.20541175946774146,0.0741302513591986,0.0,0.2194108062454434,0.056521371200665214,0.07204354790662845,0.05856019412316904,0.046463380361164534,0.01456065803712456
SRR2443202,0.02495340801100701,0.0,0.005365357276156269,0.014091484031411016,0.011386644372385414,0.014083694299435272,0.14543560679064282,0.03806626400861342,0.20305619002828132,0.0011073556715681509,0.07550929879437286,0.00955225504508791,0.0,0.16346333809922467,0.19834150799695355,0.045972365383884,0.04717397000903629,0.01215156539981883,0.05827636183128779,0.19321851657517927,0.01871708884410288,0.17997245143648544,0.08058304679380589,0.0,0.1985061410195552,0.06005781616405061,0.08344720499265007,0.02767494996369046,0.05792127037976516,0.011863505621410936
SRR2443203,0.030526962323278686,0.0,0.006142111412650743,0.01742255699570142,0.011746386006023114,0.015789771817828438,0.05474675538435842,0.053641266974377405,0.19501505764424631,0.0,0.0649514392059792,0.01066605553453492,0.0,0.15350603226621115,0.1707694135567403,0.037456616734262815,0.060947912840721624,0.01256347703358014,0.07130282743055667,0.17654614222830367,0.026150678802534303,0.18091843386447776,0.06380469360317184,0.0,0.16681542099472044,0.06842341933771681,0.04602954705971146,0.04588506703979879,0.032662239022254215,0.012205169096311705
SRR2443204,0.04885154101051723,0.0,0.007223993273596864,0.019447606495472763,0.020312720367570102,0.041669518257563896,0.14250035555307444,0.02687994876702984,0.15893496286035505,0.0,0.052890580181933634,0.014385016490824087,0.0711497233073919,0.1571758083621176,0.16390720487433358,0.07148548007563486,0.053490000789368684,0.02555290031553344,0.07682145593257701,0.15895383157458318,0.05806572401031301,0.2937079469735617,0.04791609014970258,0.02502699128746349,0.162793345136457,0.1149343280021376,0.0474559046888248,0.115009896562107,0.03604405573756495,0.025451822265621742
SRR2443205,0.029671355482690582,0.0,0.0023770115010316984,0.01178277621099494,0.010382873175597628,0.02445245856971556,0.301775727310951,0.02557790603880988,0.2345832403333804,0.00467550172439886,0.06360928674083917,0.014215114721247426,0.0,0.1560339299645972,0.19932722010662604,0.023650523232171542,0.038038919840871925,0.005424809057130912,0.034649365224541005,0.236460079016568,0.033774532964008466,0.12400428059400295,0.07326672392119822,0.0,0.251384715320392,0.03483591052139968,0.1500441873881122,0.044003170442267835,0.11816215096859654,0.007956144009733929
SRR2443206,0.014716173743143438,0.0,0.0015103552654059204,0.011818273340727306,0.008165858663001067,0.011172333257486346,0.2805041277385894,0.012760018736555604,0.3012298467489752,0.00034861197067886235,0.046824093659730295,0.008910403915576074,0.0,0.1881296826208028,0.2671026351865956,0.0496585411520567,0.029153656200743307,0.006247039438946047,0.014149530693057674,0.3597679922912147,0.0133961820485623,0.08276076364643146,0.05871892389109532,0.0,0.3196289805160281,0.02046931948296376,0.19250048137631834,0.049040011335659515,0.16166659973268266,0.005715392071820073
SRR2443207,0.02126613097792153,0.0,0.0023806075849969514,0.00912626823057485,0.008899041455461856,0.013419540124202508,0.3439135294922968,0.025346431776015216,0.28281588256685913,0.0,0.045449073302281234,0.014026334977273354,0.0,0.20038177507246607,0.25426193450114243,0.02689786855175225,0.038788279424979165,0.007309795562590656,0.02946876900244187,0.24696284338150815,0.016796495446970518,0.10982238294133748,0.051838885823550666,0.0,0.30148464544448306,0.05852824146260295,0.13908123533090352,0.07068182220726545,0.10343150518994032,0.009558542767556452
SRR2443208,0.024143436467638852,0.0,0.0021396699593250537,0.0103799822323121,0.010749297504447714,0.014594941906697332,0.3329297085971183,0.03660669018488042,0.2774534668518485,0.0,0.043009908685418236,0.013950823079683728,0.0,0.20691235863895688,0.2601541507996953,0.029862412026684788,0.03775344952311679,0.007181718941516255,0.02862251545450356,0.2227088726205238,0.021415574798451537,0.14912031786514626,0.049984976807770386,0.0,0.28087334372559897,0.07943033167162386,0.12998107604257333,0.08988823748206662,0.10215909928461828,0.012455284657997015
SRR2443209,0.039783065192056426,0.0,0.0019095205855489137,0.012002053654369745,0.010477524440514885,0.030842633916971375,0.2887334645667547,0.018923020983463414,0.230861987787134,0.0064185615777931715,0.058513668329817525,0.012780388667044494,0.0,0.15907561593676942,0.20948210205635948,0.028131469701683058,0.03550537077079509,0.007943634921272485,0.055800663583904814,0.20812998931613386,0.04656746795516235,0.14898235556209136,0.0705596106139277,0.0,0.22448526009472872,0.03617240207855791,0.14367983427296338,0.0412356754458988,0.12525545358506074,0.01838875215491148
SRR2443210,0.018326722996385027,0.0,0.0015139513493711725,0.0080892022551952,0.008749075699718436,0.011829771536400396,0.2840667473916139,0.0508201743965675,0.2705945889160028,0.0,0.0623076974872341,0.01984075109167469,0.0,0.19896682899862592,0.2433422696115765,0.03762971096676298,0.03975174174740274,0.005138520139435188,0.0181540607172042,0.2774836192109126,0.01830988693833711,0.11837134247040945,0.07172898952407845,0.0,0.2935239242744567,0.030636072186541036,0.11903398698098902,0.03974122814785951,0.07624089811949497,0.004616033256681961
SRR2443211,0.019174714790388837,0.0,0.0024453370963714908,0.00815111307405502,0.008556279942841085,0.011530294528831104,0.2459018354513663,0.037149047242289575,0.2242034650099592,0.0077925028739980985,0.07035091913558775,0.0007362410014988706,0.0,0.15454564616935684,0.17732386900228486,0.004856390297751335,0.03889533079413733,0.002345115220096121,0.044760847638478034,0.2556876210667313,0.012759669181666664,0.1260539614464344,0.07960826296294272,0.0,0.2355174237008999,0.034669009046219924,0.13229783673585446,0.0,0.1151949597319393,0.008445270498608213
SRR2443212,0.0195016394617982,0.0,0.0024032629139780397,0.015346990817478182,0.012820872268512879,0.011988034831196743,0.2054303698593782,0.023368612797247515,0.25540883397696984,0.005782857395967011,0.05855807920096541,0.006191975602349476,0.0,0.20481335138936668,0.2558555978674791,0.03574517798475405,0.03914511732217308,0.005781141894990688,0.034285375198286464,0.22728159770498105,0.013848110240864235,0.14370372971679787,0.06710388080608704,0.0,0.22387705367172972,0.08681478879311517,0.12591432875531255,0.023357657769354757,0.10235336937879376,0.010829076257386746
SRR2443213,0.03519495838830645,0.0,0.003570911377495426,0.020495309657876597,0.029264737370533787,0.030775235100344286,0.1780720560980786,0.0,0.15296925550090193,0.05063916979494644,0.034388339401166534,0.004568469804172479,0.0,0.12369594541297875,0.14686482863670985,0.09027717506311844,0.029938699574569932,0.019419601526294475,0.05608228283781405,0.16121969202825642,0.03518701140525378,0.15054132958661165,0.04393828792875672,0.0,0.12966667009583546,0.0738711261461079,0.15654062081419676,0.0203134132733488,0.17291041337852592,0.024754614522699784
SRR2443214,0.03200274185662863,0.0,0.0060809779852414566,0.02082434534189413,0.018369635606906732,0.023858281635589392,0.16339269851270266,0.029964343318768676,0.20591363621980274,0.0041628370616358275,0.06319578172197418,0.004795005496941362,0.007035868422007036,0.1456896788293009,0.17888127951256666,0.06608298966408016,0.044105164093168565,0.01962715022888261,0.054076208492541016,0.16805372154670795,0.02676498065638817,0.17299249955397414,0.06309597568710618,0.019195199317057658,0.1523475693957311,0.1379126085746086,0.06772757268209909,0.09503577817531306,0.05553844864330995,0.02367400294344668
SRR2443215,0.026502341475623383,0.0,0.0030926322101168845,0.015093889509745597,0.013727167242861809,0.01850387339320182,0.2850547640345992,0.02164284357130066,0.2841729442407883,0.0001640526920841705,0.06085683383933758,0.011175760843264907,0.0,0.1984676499383218,0.26159189642041125,0.027595121375626187,0.04028699859319362,0.01021775909997308,0.04545936109320768,0.24323336160596656,0.02478282522767429,0.1475763942736865,0.06836654479200084,0.0,0.2526193291392715,0.0523048427182886,0.11910583561680955,0.0595011424219345,0.09186282643433592,0.014724810663532288
SRR2443216,0.03486800622575418,0.01436082367302,0.0040599787967697245,0.01023719692034711,0.014082322117512825,0.024741701830513482,0.21727416398506544,0.04127507597660438,0.16927313003574535,0.0,0.060734996217824584,0.018575926807048428,0.05974261120907861,0.1676595231324699,0.168424006092917,0.05001204345786691,0.07475753946212635,0.016240718265745257,0.06370125941208206,0.18283344938527904,0.0316390302671706,0.18101061776697355,0.06089247369151762,0.005927621502640543,0.2333113753480371,0.11909950628624008,0.056019703892020566,0.118298787615792,0.033711002543674005,0.02195366643513504
SRR2443217,0.036567783591482494,0.0,0.00247770185205876,0.015558180811542472,0.01605262367322301,0.02633638741383465,0.2934848055888956,0.03171808235146988,0.23153349559274305,0.008633272920929474,0.0593099118893348,0.013233460052582264,0.0,0.18047548880214392,0.22110470677837016,0.05263527436167236,0.040001528275438486,0.013682586870497487,0.05910251218060946,0.20806506603570854,0.03898073356890868,0.21593107152498828,0.06639734808161843,0.0,0.2290166240451131,0.0560629520370485,0.11335975766495178,0.0519735560318107,0.0883879623507086,0.019085404666108627
SRR2443218,0.01581378511471174,0.0,0.0045731399786112115,0.01204663422470703,0.007734915949464122,0.009129981216277606,0.13173186025811606,0.0436165024431787,0.2731198059714,0.0,0.06761323532752353,0.012667120820660056,0.0,0.2132737828914444,0.260488773800457,0.022380352878191397,0.04282054766327046,0.00487457467260925,0.034047374263458635,0.26069202901577065,0.018381489564855327,0.10102038800643533,0.07728792856834724,0.0,0.2714776849854748,0.04357109648243677,0.08587550759200585,0.04206592394480951,0.05059037670235491,0.00445269714751661
SRR2443219,0.026096049874651386,0.0,0.001999422684680218,0.010585435316520656,0.010341956855365424,0.017584934901377858,0.3256919328662629,0.043860193403176415,0.2514596641867327,0.0053112059062250215,0.0633875283589162,0.00998644845622827,0.0,0.17375405747041867,0.20816980959634426,0.030215914332495007,0.03989447690628031,0.011426501046159977,0.03682006479898711,0.19732424964254228,0.02109701410455109,0.17517951560808295,0.07160970820345415,0.00028455930969259225,0.2423353272631016,0.058068809159041064,0.11265875638312632,0.05883694362280593,0.08227561835728496,0.012126783441043391
SRR2443220,0.029311001581510468,0.0,0.003995249285395184,0.007670567194333558,0.01143621782050639,0.017762326508010545,0.2776942615727541,0.0521794427064228,0.2153489860889385,0.0,0.06609696146620693,0.016423837725744034,0.0,0.16744152503219795,0.19438397562833207,0.02622011930337129,0.04274918008383168,0.010680169515758007,0.0547412618500553,0.21436148523204188,0.028004233479937853,0.150615641099848,0.07242018823165065,0.0,0.24689461444517385,0.060914932557673385,0.08751349905146442,0.0734493172036345,0.05610726810777431,0.014531492041226803
SRR2443221,0.013633764973600805,0.0,0.003416423610348192,0.012191212321001937,0.011926758024982892,0.01356651031953435,0.2729677317308855,0.03806337058032848,0.3163571912687342,0.0,0.0627552098976012,0.011855367921571556,0.0,0.2297254806822317,0.29031274942878904,0.04746195096216014,0.03443485707921333,0.0032847886346141037,0.015772093391047282,0.2925982144958878,0.015806533354273213,0.06258597167947469,0.07469712020004299,0.0,0.3112763166566825,0.04379537367240675,0.13416544803874214,0.048099063036894034,0.10080540335507404,0.002581925502469197
SRR2443223,0.0262390313088929,0.0,0.003168149973387181,0.010201659950962966,0.010996830610291976,0.014568318174862432,0.2530080233154205,0.027863714383907136,0.19190838659662152,0.0029939616305361123,0.06954677307517314,0.012893656513428938,0.0,0.1694550776628175,0.188118872810358,0.024757351141398,0.04328443692962256,0.011213183514252859,0.0584847992387382,0.23634655819290035,0.018881693748974072,0.18666613154015785,0.07631212749311994,0.0,0.2359821702817454,0.0612117292384563,0.11246420210897216,0.03863423014931189,0.07808954030849499,0.01606115544309827
SRR2443226,0.03341380723958355,0.0,0.006041421061623682,0.01965899568779593,0.017003814209044243,0.02146208580708844,0.11806089992809188,0.03626462266319498,0.2144536423481264,0.0017840730264153547,0.05979317793672065,0.009665522891472352,0.0,0.1483743272901301,0.1774763747143945,0.05402978000942023,0.056487439125797616,0.015910345159820895,0.06543131703420788,0.1910209964166905,0.032718901323619175,0.18786922553293425,0.05937926618628873,0.005691186193851845,0.1784961497028889,0.06925339424543976,0.06677209555467815,0.057453196124621415,0.04991970239675777,0.01540363043815589
SRR2443227,0.03924355151257368,0.0,0.006282358687295578,0.024665326009264868,0.02635712705951174,0.031406549342090015,0.15866439644367175,0.01296255871650093,0.096060068808746,0.02445656520417793,0.053980030202648084,0.007721091528539437,0.0007000285348874925,0.09619080004003612,0.10370827113480577,0.07229731640553004,0.04742375653707203,0.024878033387142732,0.10831651879442612,0.11019075295059223,0.035427580003130836,0.1425752607879466,0.05118106780140903,0.003473297456541935,0.09619338522381714,0.08853824648617739,0.07453546946738311,0.04959351033493332,0.08485869421250848,0.0433014444157357
SRR2443228,0.015164416828186297,0.0,0.0012802058916297802,0.011432864549446805,0.01103367656162209,0.014711930422034919,0.2580123497649805,0.04739628425939649,0.28390092766028585,0.0,0.06394640091769642,0.015310037236297026,0.0,0.1997378030632949,0.25135738004569685,0.055119542290090334,0.04089362301842329,0.010603366594078435,0.015687473852029333,0.3019714656487506,0.01904001060449097,0.0335925665911114,0.07504618571981059,0.0,0.33749973574674463,0.06087867281226692,0.09576132646512536,0.07776660939797021,0.05095586575371803,0.006148962727522939
SRR2443229,0.02850493378043462,0.0,0.004038402292978211,0.014371038867922832,0.013656300297723184,0.017450057316977033,0.2890617696485718,0.01898088954916208,0.25686490714200944,0.0030349748035571546,0.05154426928467346,0.013478873719748551,0.0,0.17997503706988496,0.2413281949733435,0.05113837494258635,0.03882396321469855,0.012376635845189244,0.053779274362154295,0.21787227806299306,0.02275858043634701,0.13411973936412547,0.05598547525750882,0.0,0.2448356435191366,0.05023851713851527,0.13105696881196707,0.07223161940523211,0.1055699511615097,0.019492748787986302
SRR2443230,0.034840185189135765,0.0,0.004592199223627047,0.013336801507819268,0.016356838184823242,0.022183644905616872,0.16829910941154527,0.02804664334992125,0.14395544652512865,0.021449889490005297,0.03913701730462713,0.007551189758962775,0.0,0.1274027615655721,0.1274044173648134,0.028972561394817707,0.04360559103709708,0.008907933487808805,0.0744716498470228,0.12964533664809078,0.03091255772644825,0.1671880492036283,0.037564310094511416,0.0002134194822694442,0.1277857521653788,0.10602653498833477,0.09560908941538873,0.05274845463079403,0.09373485688846987,0.032059341076464326
SRR2443231,0.058278116456440064,0.0,0.004031210125047707,0.020042253137880533,0.022191772757743883,0.055244403459709976,0.16116235062894127,0.016000658415680838,0.1185770734227981,0.041512713468438926,0.04287528499503763,0.008060895067692763,0.0,0.11111486726097797,0.1095960396039604,0.0760334700859035,0.03900238216329551,0.015276721055964403,0.07437741489188733,0.15943676966055376,0.07006043170400003,0.2308156362711674,0.045510797012843086,0.0,0.12598962137567474,0.0766890415957402,0.11661982987998702,0.006752687791140475,0.12870515948078726,0.03308162066392193
SRR2443232,0.042226258044183326,0.0,0.003240071652692224,0.015901757968458233,0.015156231238143344,0.03056096602731867,0.2325543065784629,0.0464305221962921,0.20762428764597896,0.006090456193624832,0.04403659745836925,0.0072680201430016704,0.0,0.17115926495240405,0.19449364813404416,0.056267815297239364,0.04075088785954572,0.009414126735066902,0.06959056608261609,0.1922587150961434,0.044263404967569135,0.22232875977847014,0.04116776638945502,0.0,0.19706001154687808,0.04730387730256715,0.09407388539675046,0.009464832887582141,0.08783709496002272,0.018034187707581136
SRR2443233,0.037186884129671104,0.0,0.0032364755687269717,0.015718336211681776,0.014845637790204012,0.02803157158849657,0.213653946949266,0.06957087565106156,0.2131406270066987,0.00561880470388284,0.041404931471332465,0.0018877974397406934,0.0,0.15608348462884047,0.16280079207920792,0.05172104426043905,0.0408222554389845,0.008758761893851559,0.06386344201538656,0.20282146705352336,0.0417464610832879,0.17455523618675958,0.035622051521920016,0.00017784956855787016,0.18744085390373,0.06670081481513475,0.0770789636545136,0.027619600063763086,0.07589867091021102,0.018554537815803962
SRR2443234,0.04042030988456139,0.0,0.004531065796217761,0.018832681470311037,0.015859068519162432,0.029943703199596917,0.17614210071832798,0.04048613453091258,0.1881374692927892,0.015154367431275254,0.04178943105619218,0.0022276009788940185,0.0,0.14010569805725304,0.1459300533130236,0.05100672580800875,0.04092930680814268,0.011595174727292584,0.06820197204817921,0.1707296237714883,0.04088266565827992,0.2224438328812455,0.03681855694844775,0.0,0.16057022630592266,0.06820964680928371,0.07757367443083572,0.004981490993464285,0.07978832903656488,0.02143975048278215
SRR2443235,0.03021482788675145,0.0,0.004067170964700229,0.01431641870533801,0.016612724659682988,0.02277848143670292,0.19236506816207194,0.03543388725338748,0.19076503709194131,0.013042189020691557,0.047737972012567936,0.009533377070690505,0.0,0.1368963110410258,0.15547028179741051,0.05808164781808625,0.04107204196702025,0.010558292233653259,0.06623028832426192,0.18899888301584206,0.03157097734593303,0.16004160190538486,0.04981053823717957,0.0,0.16821881774845826,0.07212292650912128,0.10310482000342354,0.046217166439363085,0.08822260099505902,0.02169290348860911
SRR2443236,0.02100939119434501,0.0,0.002643121714460361,0.0185291431634301,0.01642667234979268,0.01220784052112797,0.296580000327862,0.028913064375242926,0.2259947355356959,0.01993240208822672,0.04362372878320946,0.004115398418634712,0.0,0.1546391080160436,0.1878997715156131,0.05558519015498516,0.03614767898574415,0.004056950744056286,0.04221516622136887,0.20431318383007868,0.012930967816495652,0.11061253067701553,0.04700946169123657,0.0,0.19717498290973867,0.03255186649972253,0.14864502346578354,0.009354133087727378,0.14809449482801176,0.010961156086513857
SRR2443237,0.022083745059016887,0.0,0.004308108590372125,0.015926259354300438,0.01262838027050882,0.013946917875301477,0.12111134593121012,0.04228263200382447,0.2923243249661026,0.0,0.06442423584555168,0.005436856626453198,0.0,0.22430169749250484,0.2523240822543793,0.016894972270791543,0.044711788518398236,0.013883290469639964,0.046693236103382864,0.2548140042932892,0.017548525865713534,0.14626512529328747,0.06612419913198915,0.0,0.2428133006379045,0.06950753240221506,0.0580108795818772,0.03752723215076427,0.043735465826183734,0.009804771707168043
SRR2443238,0.02028799611341218,0.0,0.006888550561318141,0.024794127603456503,0.0233678056115746,0.01641602914954846,0.10880411440258,0.0418508682053061,0.23644262101226315,0.004019290956062177,0.04841637359709336,0.012421707153493763,0.0006637611718874562,0.1874678932042632,0.22250321401370907,0.07404288641215151,0.04335580450906134,0.01501764034819104,0.053556976022195786,0.1952243042388448,0.018722159851646658,0.11385119574122912,0.04510408764577442,0.0,0.1736402205777034,0.0981100194261586,0.06689005422138883,0.053135903930285694,0.061799887559335076,0.014166574155263106
SRR2443239,0.021042270601257688,0.0,0.0006472951137453945,0.012842232070672676,0.010393535112050118,0.010787008706200163,0.31468950358588016,0.017736715386640785,0.271367334381152,0.001435461055736492,0.06015909036591169,0.015253403313104806,0.0,0.18310278748300615,0.24065925361766946,0.02655411803368853,0.0381459712100301,0.0072511170972043015,0.03583293377337562,0.2316367728497675,0.015095273836182215,0.1177555289176826,0.07047664868467478,0.0,0.2701946859716058,0.033338543005577766,0.14188481108388773,0.04798836323703927,0.10493033478636968,0.010450800149337738
SRR2443240,0.01736970132962562,0.0,0.0027333474611485387,0.012755660507363542,0.010698174886072956,0.008090836175463344,0.17729670671456996,0.029670178109800462,0.2464816865579233,0.008674286093950516,0.04473021209705663,0.001963309337330321,0.0,0.1698545640866557,0.19910933739527803,0.02524250258178581,0.03789618468199436,0.0043162467066549855,0.04771376906845093,0.23992948800210184,0.01045641755528045,0.12812088758674772,0.046855028926473766,0.0,0.22095381915762052,0.02332658742099308,0.11309705214493465,0.0,0.08784531245858328,0.007927631227630079
SRR2443241,0.02523255307604996,0.0,0.0018843479977921484,0.014504740739282903,0.01322906344244038,0.015041648950825088,0.23013831789945,0.017620978255243454,0.20905709205052744,0.01638476262190653,0.05545861179844864,0.005644514344824675,0.0,0.1595296416566742,0.18493282559025132,0.028241177313831058,0.03618336277546354,0.006994619447334958,0.048299359541558666,0.21812361848194944,0.01686262138534145,0.12438994794117915,0.060821681018917176,0.0,0.2060247255129368,0.04746166051824028,0.1459784896825168,0.005922439292229759,0.13221672839131846,0.01514953027232777
SRR2443242,0.027724157830830064,0.0,0.004523873628287257,0.011635329659772162,0.014281739817827906,0.017885731102866904,0.2982379188381988,0.02866294357461203,0.23334337052607065,0.0,0.06293192106467109,0.015404427108284059,0.0,0.15915985091178328,0.19346668697638994,0.06362797709890165,0.0422139232380408,0.016572555104481898,0.04006117730961083,0.20204124868350012,0.02131035139191804,0.18511092012390268,0.06771483023604402,0.0038415506808499953,0.22196606456868606,0.07216777128248426,0.09828409141436473,0.08202855169237852,0.06422872728772948,0.014290880740242776
SRR2443243,0.033236296929855136,0.0,0.006339896030739613,0.02860538789060238,0.02629224416417693,0.030954865339083208,0.09644327300229016,0.044683213004224086,0.18134500538176215,0.013554853683454587,0.053229988155867804,0.004946029292120618,0.0,0.1437170638132301,0.1587995125666413,0.10416615876105488,0.04685281590156176,0.023691764044720825,0.0767602158125867,0.1730235796798485,0.03829614755049798,0.1357429912798418,0.05366962427325896,0.0,0.15703754182408342,0.08589203159567567,0.07326578575595546,0.0130625763828619,0.07341479501196994,0.024242788854487385
SRR2443244,0.024224067989775052,0.0,0.0034917975302598773,0.01629800314502179,0.011292782880538713,0.014062807062372607,0.1725209975689474,0.032688345303017494,0.22765307200377474,0.007423384316808715,0.07496787389206827,0.008457332530038308,0.0,0.14594943647809247,0.1865227113480579,0.021785493825655592,0.040536785121229366,0.007797519945834998,0.05828801276896242,0.2199167918939298,0.01896049720620446,0.09332804895905876,0.0812641484091711,0.0,0.20417071336847886,0.042303071856310735,0.11598466599353495,0.026678651764997608,0.09827285458074343,0.016223707695710937
SRR2443245,0.04799656646621592,0.0,0.0071412833423960655,0.01915000429670644,0.019699583081833644,0.03435548742296507,0.1130472692859298,0.04074107771201837,0.17525632871857452,0.005126646627630328,0.055038077401444604,0.010364007944176409,0.044387146572836836,0.1530895768829745,0.16568268088347296,0.044658311985044656,0.04781627822398535,0.02022301863637532,0.07992169096552755,0.13172440029492635,0.054527124236185824,0.1775010449076703,0.052269820676772674,0.01707355858155554,0.1438472628619549,0.12064470467210553,0.0530644874425187,0.08988823748206662,0.047411806118108885,0.02806918461641016
SRR2443246,0.03569213570771769,0.0017797601987930769,0.003326377667858277,0.011125143079129395,0.015776689112726103,0.023452569541907112,0.2849767860394577,0.021903252116944657,0.11227176936979877,0.02325446910293117,0.0477144420941657,0.017669784035972892,0.0,0.12944062753332974,0.13068984006092918,0.03633272319648,0.04146456365393356,0.011525819622569608,0.058936239148271084,0.20881225326305927,0.03467281124031418,0.2490489223733153,0.051216369948416295,0.0,0.18805799123888825,0.06507371206317472,0.15085405891359138,0.05590339892665474,0.12372409112253514,0.02097698117049184
SRR2443247,0.04037893571449151,0.0,0.00416786131572729,0.014854293843965057,0.01810077862815749,0.027057746634496456,0.2370358260151428,0.02456520613908324,0.10277392777260136,0.02091671824073174,0.04736220365529143,0.012874778539031531,0.008527620334084,0.11488743813124032,0.1098632749428789,0.04627710875096177,0.042106871868882616,0.01169354618247074,0.07928222702187436,0.1782945147801075,0.04033306986068472,0.17797983680940851,0.048176806112659065,0.0,0.15925071229676946,0.07487424133814671,0.11522498355496365,0.060165341221063075,0.09938718952657474,0.029202543209520905
SRR2443248,0.02719132449907289,0.0,0.003574507461460678,0.011923928097237116,0.013634642290057586,0.017593669564149518,0.2918649899625484,0.03175859034745894,0.14700264707327493,0.014067518346217622,0.06027164920828114,0.017481004291998826,0.0030533013906822986,0.14283682555843452,0.14287518659558265,0.02825336704851417,0.042677812504392884,0.011805650895505277,0.050676557931496016,0.2203617631492423,0.025506863684775626,0.1831590670863647,0.06351067230621919,0.0,0.227763357055268,0.07570752228148024,0.13209746205428322,0.048209762836748785,0.09587444066753227,0.01353720266483793
SRR2443249,0.033343209984607165,0.0,0.00405278662883922,0.009206067053082074,0.012371430639592557,0.02071614160883134,0.2785338541908963,0.0425546142626082,0.13599821948928836,0.0017840730264153547,0.0708161307801744,0.026863357567510068,0.016927962752733908,0.1544074817202548,0.15339923838537697,0.03006719956936105,0.04389106135485222,0.014084252374572843,0.06542964984512298,0.21416443738092653,0.035103238360630486,0.1651885364613986,0.07453036747575897,0.0,0.2411489855896906,0.05761582895723531,0.09788067038880133,0.060165341221063075,0.061583409148536924,0.018582168759286047
SRR2443250,0.029066165462811187,0.0,0.0025100666077460298,0.009061807674001372,0.012184983443166974,0.017699125126582654,0.3010903184559294,0.03451056213846212,0.1193776459933182,0.008079595085145398,0.08078063686017953,0.03088436611415775,0.015973378386978238,0.14067633234502402,0.13438031987814167,0.02246324307403655,0.05266927362582267,0.01108174891790323,0.06685676370178865,0.2061864672547476,0.02637887414200454,0.16549926519396088,0.08979607829692195,0.0,0.23475196539418505,0.0604369971193232,0.11262559914415204,0.060995589719973785,0.07318487361634707,0.020829648799277102
SRR2443251,0.032884217862689004,0.0,0.003851405926785097,0.010750809711042609,0.014575717655398257,0.02092817204975072,0.2438332032961653,0.02858707145514045,0.16693952247733113,0.0,0.07114217553629901,0.02546638746210196,0.05731132930834034,0.15816324271511306,0.16950287890327495,0.032002929437039036,0.053739787317404426,0.016072216788472916,0.0680405067238996,0.1985931011231348,0.030583043656253237,0.2282357412040409,0.0754709040796962,0.0,0.2325684138960019,0.08986002085255301,0.07991180842348444,0.07990311553516713,0.044397332658964665,0.02027147761238731
SRR2443252,0.030673270185811532,0.0,0.004228994743136577,0.011428282989492573,0.015028470256037443,0.01986668066344741,0.2295300009259887,0.02673527735278317,0.15881310664083534,0.008325674123271653,0.05993036180061295,0.012912534487826343,0.017203731569507767,0.15569322507667518,0.16253331302361004,0.030715693454502545,0.04335580450906134,0.013432762120213534,0.06869336633799067,0.21478101871081348,0.02595848761662493,0.18838470286525755,0.0618761113159205,0.0,0.22419585332095968,0.08223193023582326,0.09941284493308726,0.058394144423386876,0.06616464352554456,0.022401836419131627
SRR2443253,0.03642623169667197,0.0012274208267538465,0.004455548032947465,0.012067430522934072,0.014185721637980844,0.02404286884542069,0.18313841049831928,0.027585302284490232,0.10993074124995222,0.010930010610107859,0.11970350230996465,0.0201239207076358,0.0,0.1304048886511467,0.12877118050266564,0.026349330491012263,0.04228529081747958,0.0103318441574007,0.06641912656700508,0.1944023223550977,0.03709599219511087,0.2100758259630631,0.1331589449970321,0.0,0.19108523131232066,0.07040773390508552,0.09588462845667793,0.04610646663950831,0.07406654800036865,0.02107646563130321
SRR2443254,0.03977784187490474,0.0,0.004933827200326007,0.015384838486665331,0.01698206507371666,0.024021761742704737,0.22442554364175848,0.013975258616227568,0.10239940143631326,0.015851591372632975,0.0698126463544276,0.014271748644439643,0.021041229148832358,0.11681723303882907,0.11559433358720488,0.033214589064540265,0.04285623145298985,0.013632690801984804,0.07927829168019722,0.16586645243249687,0.036987219083296725,0.1996891458471622,0.07363097275499349,0.0,0.17270993606936538,0.07354137575552913,0.10152350595389513,0.06653057971271187,0.07980573327710598,0.027209718567082788
SRR2443255,0.04258204841564145,0.0,0.005379741612017278,0.01800672580969212,0.019381183030850752,0.028787109924351826,0.17243150009725094,0.027458634424016484,0.10110138622978077,0.007423384316808715,0.06805491705370792,0.014082968900465575,0.059611911844304886,0.1287828152166492,0.12795454683929933,0.03169331017608803,0.0721901088139321,0.017024202779000068,0.09058668015564801,0.15133426832981633,0.04245868409281222,0.2173097539034709,0.06807433192947332,0.0013160868073282394,0.15659823138546372,0.0995001540772564,0.06982005685679298,0.0821392514922333,0.051149672296692664,0.03213916380207923
SRR2443256,0.04734777549369144,0.0,0.005458855459252826,0.01874834092750136,0.01989693522181035,0.033602307645936025,0.17536320688049473,0.024825614684727236,0.08197881143489437,0.023582574487099512,0.0708099893234845,0.013611019540530402,0.02086262949330388,0.10012176554068343,0.08605788271134805,0.0459284823390248,0.04731274030238948,0.012730170370319666,0.08750327210090307,0.12877323854787506,0.05087427466209722,0.201542857519118,0.0710476995301273,0.008501209377066193,0.1209845799322856,0.08520789551690372,0.08598879084947987,0.053135903930285694,0.07550920361945834,0.031939672309421366
SRR2443257,0.026935299485211856,0.01730663365722923,0.002927212347715284,0.01051069612978898,0.012464380854819388,0.018821659213354276,0.17551296007570955,0.039808107836143226,0.2036347818039565,0.0023992706217309933,0.08067180728789647,0.0072680201430016704,0.005993694953156937,0.17690893170457836,0.1846316527037319,0.021112620471147876,0.04378400998569405,0.012685870927265695,0.050398040424721464,0.2368515170406526,0.02285939206631742,0.2248672661546802,0.08667381626193213,0.0,0.2607999316276497,0.10785130667591504,0.08706864340424753,0.05817274482367736,0.050864419744095286,0.015746665662023852
SRR2443258,0.0357913237513138,0.01245832139155154,0.005473239795113835,0.011498719493832443,0.015258810609653475,0.02504027938768295,0.2287830071770769,0.04177821100615111,0.10997473457844346,0.0,0.06030050665537823,0.020539236144378747,0.09478783250500043,0.130070494095001,0.12304048743335873,0.033214589064540265,0.06586290432166737,0.015361746711971781,0.07775529506523081,0.16734032479864291,0.036193555692619256,0.21176994033443944,0.057552634389754165,0.012506800130562507,0.18691234739303847,0.09761640698023563,0.07752789835774819,0.10688342425476896,0.049346795253522265,0.025067732554807005
SRR2443259,0.04876983733380779,0.0,0.004736042582237136,0.011899745428609115,0.015662992166453546,0.03630211795384549,0.20978340282679092,0.037209166252209866,0.15108496293721085,0.0,0.06394681528103935,0.023842881663924963,0.04276332671625031,0.15308103937527714,0.15615110434120336,0.029574734288163373,0.059984450518298024,0.015964331070014947,0.07534182561973732,0.20018049431294846,0.05602824388929645,0.2714753218362657,0.06482871959640264,0.0,0.223147997310778,0.08924627133839359,0.06800671369683081,0.07433491560247259,0.04230064843649026,0.023222501569101186
SRR2443260,0.033412542647009984,0.0,0.00413549656004002,0.011033950116214256,0.014350055188430896,0.021989063802454148,0.2652612019156003,0.033807780557254995,0.14314379611647038,0.003855238263978007,0.05953227701758136,0.018877974397406936,0.008336703460932866,0.15468357199246738,0.1599335262757045,0.029672252165628264,0.04346285587821951,0.013613877530250514,0.0711492521755509,0.20882250430733693,0.030083143732587112,0.16356967425532495,0.06258482923198616,0.0,0.2333920927060336,0.07942947850114371,0.1031235216403702,0.060829540020191634,0.06826002137645293,0.0241896499123534
SRR2443261,0.031967360755711716,0.0,0.003121400881838902,0.007893868442537736,0.011665889904601184,0.020379187501269224,0.28677825494994125,0.029170258000570326,0.14596159530833944,0.0,0.0695693114812905,0.01910451009017582,0.0012091401966238507,0.15062708922026968,0.15515795887281034,0.024191747452101658,0.04332012071934195,0.012570451289921,0.06448063153742885,0.2172181095707546,0.02883466167530775,0.1899527698597519,0.07681227263882041,0.0,0.2518962644029329,0.06793903179761047,0.10898068826985624,0.059335092722152365,0.06583960985171039,0.020721966505352254
SRR2443262,0.02674717759432266,0.0038663756042746156,0.0034702210264683647,0.008769504148921256,0.01121650902745552,0.01742699141116812,0.24142474658259225,0.023060623430917956,0.17399827853575572,0.00639805499128265,0.08386801373229716,0.01344111777095374,0.005575593843854632,0.1734109928365803,0.1873296572734197,0.02131253211995089,0.042677812504392884,0.010819181081959436,0.053706596549604864,0.2306249568127301,0.02476325113855529,0.15089093860458028,0.09080665405911584,0.0,0.2507548033893603,0.057782037231399935,0.11420829673314845,0.041844524345099984,0.07512070557212562,0.013008099491776805
SRR2443263,0.03124197945905788,0.0,0.004480720620704232,0.014462072472230868,0.014409804558807094,0.02143434275920042,0.18273168436457016,0.0633371451571887,0.15450080637650965,0.006336535231751086,0.06375860553120308,0.011119126920072686,0.00840034241864991,0.1636113657559771,0.14727238385376998,0.016626798107763106,0.04278486387355106,0.012035112539312528,0.07107981181157329,0.19393267265985745,0.03333619507192388,0.16746742286731445,0.06336750458089628,0.0,0.18650084713658566,0.09673940104979427,0.07374675655411271,0.037139782851272604,0.05946535942980505,0.019110651379242963
SRR2443222,0.013726547580900384,0.0,0.002013591255503312,0.012741955667152615,0.0085677012764768,0.011068876473719498,0.2835421681515715,0.036877707967569166,0.30412063246293153,0.0015790071613101411,0.060953410095622475,0.01349775169414596,0.0,0.22690566385419425,0.2948690327494288,0.01037834010920052,0.038574176686662805,0.0,0.010437592353309315,0.2761889502854726,0.016756535907525513,0.04822158752595024,0.07645559662418039,0.0,0.2885875038903166,0.03051780142872995,0.14898329886570755,0.0214757611718238,0.11699454977568545,0.0019594454175696943
SRR2443224,0.026516801816790662,0.013931226383656157,0.000863060151660526,0.0045270991502560825,0.008867754291512956,0.019358351273038126,0.36211075799484893,0.02289923443102501,0.20398731147599894,0.0013124215366733642,0.046231554079336816,0.02306888471363128,0.0,0.15874077064263967,0.17527244478293982,0.02694662749048469,0.03222246211661102,0.004723164428468519,0.03930553354984433,0.2454566992093028,0.02684540683603257,0.09061458129852,0.05849874699983555,0.0,0.28937568515075324,0.03369394183371612,0.16253265868768324,0.0487632618360226,0.12376644284588577,0.010675473033750544
SRR2443225,0.034702784456903675,0.0,0.005617083153723923,0.020778211025137584,0.0193483770725354,0.02586603481808476,0.1421113516909484,0.02451280293792278,0.18363790586031947,0.01218091238724966,0.07478000451212083,0.009778790737856794,0.0,0.1397387443102615,0.16691576542269612,0.07583721535750541,0.0417500339716887,0.018537917761721773,0.06839610264697091,0.14622697026969358,0.034349889479926086,0.180143650112549,0.07788109505979042,0.004659658696216197,0.1577160650491466,0.061104656343197214,0.08621774277730376,0.04942746063515117,0.08156368799481194,0.0234377028535024
